,objid,ra,dec,g-i,u-g,u-z,g-z,g-r,concentration_index,photo_z,frac_dev,host_galaxy,distance,axis_ratio,category,radius,magnitude,u_mag,g_mag,i_mag,r_mag,z_mag,link,spec_z
0,588017703470694425,187.74275348,12.37813432,1.330404999999999,1.9120960000000018,3.5447559999999996,1.6326599999999978,0.9159529999999982,0.35552638320642854,0.08249,1.0,NGC4486,16.4,0.473479,Possible contaminants,156.2623745002244,-13.767155240238491,20.135113,18.223017,16.892612,17.307064,16.590357,http://cas.sdss.org/dr7/en/tools/explore/obj.asp?id=588017703470694425,0.085735
1,588017703470629035,187.66256398,12.37274491,1.3661509999999986,1.724267000000001,3.3980570000000014,1.6737900000000003,0.9438990000000018,0.4549838469268694,0.112495,0.501845,NGC4486,16.4,0.78633,Possible contaminants,205.4771228769844,-13.988772240238493,19.753613,18.029346,16.663195,17.085447,16.355556,http://cas.sdss.org/dr7/en/tools/explore/obj.asp?id=588017703470629035,0.085436
2,588017566027677803,187.31907817,12.10408155,1.4092939999999992,1.9751010000000022,3.724159000000002,1.7490579999999998,0.9766249999999985,0.3066483730451038,0.096299,1.0,NGC4486,16.4,0.791153,Possible contaminants,209.58546242839014,-15.22675324023849,18.799192,16.824091,15.414797,15.847466,15.075033,http://cas.sdss.org/dr7/en/tools/explore/obj.asp?id=588017566027677803,0.089267
3,588017566027808847,187.60968288,12.10404898,1.3110329999999983,1.9921500000000023,3.7046969999999995,1.7125469999999972,0.921834999999998,0.3653560453988299,0.08911,1.0,NGC4486,16.4,0.83431,Possible contaminants,96.44336502160816,-13.62851024023849,20.359694,18.367544,17.056511,17.445709,16.654997,http://cas.sdss.org/dr7/en/tools/explore/obj.asp?id=588017566027808847,0.084514
4,588017703470497984,187.31555599,12.30924202,1.308959999999999,1.7886260000000007,3.428694,1.6400679999999994,0.8984659999999991,0.3374220013825203,0.086298,1.0,NGC4486,16.4,0.587718,Possible contaminants,126.89937792220174,-13.838997240238491,19.922314,18.133688,16.824728,17.235222,16.49362,http://cas.sdss.org/dr7/en/tools/explore/obj.asp?id=588017703470497984,0.089051
5,588017704007565398,187.78660357,12.76492643,1.4486959999999982,2.0132910000000024,3.798604000000001,1.7853129999999986,0.9786179999999973,0.30813097253464705,0.091352,1.0,NGC4486,16.4,0.369167,Possible contaminants,232.4771058740663,-14.27134324023849,19.794785,17.781494,16.332798,16.802876,15.996181,http://cas.sdss.org/dr7/en/tools/explore/obj.asp?id=588017704007565398,0.096667
6,588017566027677789,187.30407012,12.11081206,1.415684999999998,2.1339320000000015,3.876996,1.7430639999999986,0.9659489999999984,0.3036503712788882,0.093266,1.0,NGC4486,16.4,0.917582,Possible contaminants,196.7572497626279,-14.933131240238492,19.240969,17.107037,15.691352,16.141088,15.363973,http://cas.sdss.org/dr7/en/tools/explore/obj.asp?id=588017566027677789,0.089355
7,588017566564614321,187.54220087,12.56664284,1.115324000000001,1.6875110000000006,3.045542000000001,1.3580310000000004,0.7544690000000003,0.403324312968464,0.052721,0.996861,NGC4486,16.4,0.93587,Possible contaminants,65.31065219560712,-13.545637240238491,19.970562,18.283051,17.167727,17.528582,16.92502,http://cas.sdss.org/dr7/en/tools/explore/obj.asp?id=588017566564614321,0.08534
8,588017566564679873,187.67891838,12.53960557,1.327342999999999,1.8551330000000021,3.4844550000000005,1.6293219999999984,0.9077200000000012,0.414293582021502,0.08346,0.834597,NGC4486,16.4,0.532142,Possible contaminants,186.8258581276905,-13.915655240238493,19.921417,18.066284,16.738941,17.158564,16.436962,http://cas.sdss.org/dr7/en/tools/explore/obj.asp?id=588017566564679873,0.085868
9,588017702933758080,187.55023474,11.90788217,1.2339759999999984,1.7512250000000016,3.2774690000000017,1.5262440000000002,0.8362289999999994,0.3456864880803729,0.064533,1.0,NGC4486,16.4,0.785871,Possible contaminants,223.97691026677677,-14.568285240238492,19.093388,17.342163,16.108187,16.505934,15.815919,http://cas.sdss.org/dr7/en/tools/explore/obj.asp?id=588017702933758080,0.084134
10,588017702933758085,187.55788402,11.93961158,1.2783129999999971,1.8371120000000012,3.4109990000000003,1.5738869999999991,0.8684619999999974,0.32764420408432715,0.066301,1.0,NGC4486,16.4,0.622839,Possible contaminants,318.3716349619601,-13.79240124023849,19.987392,18.15028,16.871967,17.281818,16.576393,http://cas.sdss.org/dr7/en/tools/explore/obj.asp?id=588017702933758085,0.091215
11,588017702933954768,188.07585923,12.03384886,1.3130830000000024,1.9734169999999978,3.599584,1.6261670000000024,0.9170800000000021,0.3837419555805782,0.084943,1.0,NGC4486,16.4,0.838495,Possible contaminants,92.91918843896231,-13.644486240238493,20.32023,18.346813,17.03373,17.429733,16.720646,http://cas.sdss.org/dr7/en/tools/explore/obj.asp?id=588017702933954768,0.096918
12,588017703470563357,187.43836209,12.32884977,1.0653119999999987,1.6619740000000007,2.9488190000000003,1.2868449999999996,0.6941319999999997,0.39857479655598305,0.058688,0.621595,NGC4486,16.4,0.591784,Possible contaminants,188.46877115225394,-13.516676240238493,19.913649,18.251675,17.186363,17.557543,16.96483,http://cas.sdss.org/dr7/en/tools/explore/obj.asp?id=588017703470563357,0.170572
13,588017703470760155,188.01211143,12.37337194,1.2497289999999985,1.8787009999999995,3.4279659999999996,1.5492650000000001,0.8704910000000012,0.39748229452023415,0.071274,0.856563,NGC4486,16.4,0.531127,Possible contaminants,141.8398502229929,-14.402560240238493,19.420851,17.54215,16.292421,16.671659,15.992885,http://cas.sdss.org/dr7/en/tools/explore/obj.asp?id=588017703470760155,0.049346
14,588017566027677806,187.32430479,12.23100971,1.2391489999999976,1.6182060000000007,3.1820389999999996,1.563832999999999,0.8625679999999996,0.35317437131355517,0.097458,1.0,NGC4486,16.4,0.809348,Possible contaminants,162.3107373920765,-13.571942240238492,19.983051,18.364845,17.125696,17.502277,16.801012,http://cas.sdss.org/dr7/en/tools/explore/obj.asp?id=588017566027677806,0.08958
15,588017566027939963,187.97040785,12.26640682,0.9864979999999974,1.6150530000000032,2.8070950000000003,1.1920419999999972,0.6590980000000002,0.3534396131969634,0.055117,1.0,NGC4486,16.4,0.975871,Known galaxies,132.93128235920753,-13.917397240238493,19.430973,17.81592,16.829422,17.156822,16.623878,http://cas.sdss.org/dr7/en/tools/explore/obj.asp?id=588017566027939963,0.00323329
16,588017566028005512,188.07842548,12.23655531,1.429758999999999,1.9266450000000006,3.7289849999999998,1.8023399999999992,0.9818129999999989,0.3202837261302493,0.10019,0.922936,NGC4486,16.4,0.68905,Possible contaminants,407.12180810988025,-15.600458240238492,18.382219,16.455574,15.025815,15.473761,14.653234,http://cas.sdss.org/dr7/en/tools/explore/obj.asp?id=588017566028005512,0.096074
17,588017566564548729,187.35379411,12.69216096,1.332673999999999,1.7577670000000012,3.4223739999999996,1.6646069999999984,0.8590279999999986,0.34679826398142155,0.076831,0.53697,NGC4486,16.4,0.54533,Possible contaminants,344.42006965300254,-15.069197240238491,18.621817,16.86405,15.531376,16.005022,15.199443,http://cas.sdss.org/dr7/en/tools/explore/obj.asp?id=588017566564548729,0.093691
18,588017566564614311,187.52538209,12.69218242,1.198919,1.6618080000000006,3.197519,1.5357109999999992,0.828288999999998,0.36480569748941305,0.082876,1.0,NGC4486,16.4,0.733032,Possible contaminants,191.4641470765008,-13.484633240238491,20.079683,18.417875,17.218956,17.589586,16.882164,http://cas.sdss.org/dr7/en/tools/explore/obj.asp?id=588017566564614311,0.093604
19,588017566564810829,187.90907341,12.66796985,1.4242629999999998,1.9316059999999986,3.703688999999999,1.7720830000000003,0.9833849999999984,0.33588120264816856,0.10304,1.0,NGC4486,16.4,0.867491,Possible contaminants,310.433968668862,-14.74981524023849,19.239395,17.307789,15.883526,16.324404,15.535706,http://cas.sdss.org/dr7/en/tools/explore/obj.asp?id=588017566564810829,0.0963
20,588017566564876395,188.06463641,12.52867852,1.1699050000000035,1.2258239999999994,2.630382000000001,1.4045580000000015,0.7273900000000033,0.4388047349149822,0.134972,0.939526,NGC4486,16.4,0.845242,Possible contaminants,108.65249599567831,-13.521757240238493,19.505676,18.279852,17.109947,17.552462,16.875294,http://cas.sdss.org/dr7/en/tools/explore/obj.asp?id=588017566564876395,0.183399
21,588017702933758146,187.64316007,11.98817118,1.163971,1.5916429999999977,3.022186999999999,1.4305440000000011,0.7810290000000002,0.3547943251531678,0.07058,0.934219,NGC4486,16.4,0.871189,Possible contaminants,124.72626159255009,-13.920716240238491,19.526175,17.934532,16.770561,17.153503,16.503988,http://cas.sdss.org/dr7/en/tools/explore/obj.asp?id=588017702933758146,0.090061
22,588017702933823647,187.77835988,11.96286619,1.2968870000000017,1.908135999999999,3.517187999999999,1.6090520000000001,0.8851210000000016,0.35767445475677495,0.067678,0.944309,NGC4486,16.4,0.31935,Possible contaminants,138.02284638608805,-14.404488240238493,19.462988,17.554852,16.257965,16.669731,15.9458,http://cas.sdss.org/dr7/en/tools/explore/obj.asp?id=588017702933823647,0.056071
23,588017702933823687,187.85533653,11.98211182,1.3559699999999992,1.6071010000000001,3.318161,1.7110599999999998,0.8833769999999994,0.35050317379959706,0.098371,0.51136,NGC4486,16.4,0.381448,Possible contaminants,305.1617149108978,-14.225319240238491,19.339378,17.732277,16.376307,16.8489,16.021217,http://cas.sdss.org/dr7/en/tools/explore/obj.asp?id=588017702933823687,0.09218
24,588017703470628956,187.56352819,12.39710078,1.3492239999999995,1.8591620000000013,3.5217170000000007,1.6625549999999993,0.9172700000000003,0.31453808230969316,0.084467,1.0,NGC4486,16.4,0.717622,Possible contaminants,238.88834986697418,-15.140602240238492,18.710049,16.850887,15.501663,15.933617,15.188332,http://cas.sdss.org/dr7/en/tools/explore/obj.asp?id=588017703470628956,0.086653
25,588017703470825513,188.06429399,12.3035085,1.2068270000000005,1.8031249999999979,3.3163339999999977,1.5132089999999998,0.8385680000000022,0.37736240740936927,0.066123,0.908552,NGC4486,16.4,0.586251,Possible contaminants,136.28255473510623,-13.442591240238492,20.273321,18.470196,17.263369,17.631628,16.956987,http://cas.sdss.org/dr7/en/tools/explore/obj.asp?id=588017703470825513,0.092576
26,588017703470825627,188.15177791,12.41159449,1.113976000000001,1.6724679999999985,3.0568159999999978,1.3843479999999992,0.7756710000000027,0.34002165431866627,0.066791,1.0,NGC4486,16.4,0.659438,Possible contaminants,67.55702755857877,-13.789442240238493,19.732916,18.060448,16.946472,17.284777,16.6761,http://cas.sdss.org/dr7/en/tools/explore/obj.asp?id=588017703470825627,0.093412
27,588017704007565371,187.71829851,12.7499447,1.3457019999999993,1.9011880000000012,3.540503000000001,1.6393149999999999,0.9351749999999974,0.3644511160931864,0.095156,0.758568,NGC4486,16.4,0.308346,Possible contaminants,139.72355541881643,-13.68373124023849,20.226851,18.325663,16.979961,17.390488,16.686348,http://cas.sdss.org/dr7/en/tools/explore/obj.asp?id=588017704007565371,0.087824
28,588017704007565388,187.78239847,12.74325413,1.2800709999999995,1.5297350000000023,3.0921149999999997,1.5623799999999974,0.838991,0.4089047505408273,0.116199,0.83984,NGC4486,16.4,0.548253,Possible contaminants,157.30869175885286,-13.715208240238493,19.727737,18.198002,16.917931,17.359011,16.635622,http://cas.sdss.org/dr7/en/tools/explore/obj.asp?id=588017704007565388,0.109471
29,588017566027612280,187.2575623,12.27276547,1.3954160000000009,1.9525149999999982,3.6834629999999997,1.7309480000000015,0.9587590000000006,0.32106512885328786,0.090284,1.0,NGC4486,16.4,0.879719,Possible contaminants,297.3475888393994,-15.041109240238491,18.944384,16.991869,15.596453,16.03311,15.260921,http://cas.sdss.org/dr7/en/tools/explore/obj.asp?id=588017566027612280,0.08919
30,588017702933692590,187.45808497,12.03981194,1.2973149999999993,1.9809760000000018,3.5898900000000005,1.6089139999999986,0.8672259999999987,0.33646691536493883,0.051622,1.0,NGC4486,16.4,0.714038,Possible contaminants,321.3925167659725,-15.640690240238492,18.281731,16.300755,15.00344,15.433529,14.691841,http://cas.sdss.org/dr7/en/tools/explore/obj.asp?id=588017702933692590,0.054151
31,588017702933758089,187.5740862,12.01541695,1.4154340000000012,1.9948140000000016,3.7691690000000015,1.774355,0.9484199999999987,0.3773537563101268,0.07625,0.694082,NGC4486,16.4,0.345246,Possible contaminants,179.0249570472996,-13.93773724023849,20.079716,18.084902,16.669468,17.136482,16.310547,http://cas.sdss.org/dr7/en/tools/explore/obj.asp?id=588017702933758089,0.083175
32,588017703470497957,187.25612802,12.29232818,1.315336000000002,1.968436999999998,3.6139329999999994,1.6454960000000014,0.926279000000001,0.3985421015957366,0.088958,0.908154,NGC4486,16.4,0.709487,Possible contaminants,114.77103454414659,-13.537083240238491,20.431852,18.463415,17.148079,17.537136,16.817919,http://cas.sdss.org/dr7/en/tools/explore/obj.asp?id=588017703470497957,0.088773
33,588017703470825612,188.12721806,12.47913069,1.3791129999999985,2.0077120000000015,3.7122990000000016,1.704587,0.954383,0.32045228947684934,0.089044,1.0,NGC4486,16.4,0.773828,Possible contaminants,195.52676161189632,-14.878660240238492,19.157654,17.149942,15.770829,16.195559,15.445355,http://cas.sdss.org/dr7/en/tools/explore/obj.asp?id=588017703470825612,0.085472
34,588017704007630949,187.88026123,12.80201029,1.3702310000000004,1.9296460000000017,3.5882129999999997,1.658566999999998,0.9397059999999975,0.3640034186635003,0.093566,1.0,NGC4486,16.4,0.544061,Possible contaminants,98.97629736962163,-13.40608224023849,20.537489,18.607843,17.237612,17.668137,16.949276,http://cas.sdss.org/dr7/en/tools/explore/obj.asp?id=588017704007630949,0.084437
35,588017704007630988,187.98503976,12.76317234,1.3344190000000005,1.8127359999999975,3.4610309999999984,1.648295000000001,0.9353390000000026,0.3850045891859395,0.102494,1.0,NGC4486,16.4,0.42155,Possible contaminants,70.66847061896772,-13.281458240238493,20.540836,18.7281,17.393681,17.792761,17.079805,http://cas.sdss.org/dr7/en/tools/explore/obj.asp?id=588017704007630988,0.096727
36,588017702398263409,190.8939816,11.45758707,1.3258340000000004,1.8628140000000002,3.5106660000000005,1.6478520000000003,0.9315010000000008,0.33948792534625555,0.094876,1.0,NGC4649,17.38,0.690413,Possible contaminants,179.18163613294686,-14.40373386056324,19.59083,17.728016,16.402182,16.796515,16.080164,http://cas.sdss.org/dr7/en/tools/explore/obj.asp?id=588017702398263409,0.11887
37,588017569774633047,191.13449672,11.6466324,1.3600829999999995,1.8983419999999995,3.6216870000000014,1.723345000000002,0.9528530000000011,0.3188865528204137,0.098826,1.0,NGC4649,17.38,0.670253,Possible contaminants,160.8936273900443,-13.49762586056324,20.553818,18.655476,17.295393,17.702623,16.932131,http://cas.sdss.org/dr7/en/tools/explore/obj.asp?id=588017569774633047,0.119738
38,588017570311438402,191.05700373,12.02202688,1.3590109999999989,1.9789090000000016,3.651957000000003,1.6730480000000014,0.940100000000001,0.3373439893932322,0.086667,1.0,NGC4649,17.38,0.68431,Possible contaminants,308.19045593191134,-14.46128886056324,19.657969,17.67906,16.320049,16.73896,16.006012,http://cas.sdss.org/dr7/en/tools/explore/obj.asp?id=588017570311438402,0.119394
39,588017702935265359,191.06983663,11.85753717,1.3743440000000007,2.0795119999999976,3.7801519999999993,1.7006400000000017,0.9245100000000015,0.3185033441464872,0.077611,1.0,NGC4649,17.38,0.656978,Possible contaminants,266.86256090658156,-15.57654886056324,18.627722,16.54821,15.173866,15.6237,14.84757,http://cas.sdss.org/dr7/en/tools/explore/obj.asp?id=588017702935265359,0.061009
40,588017569237499969,190.48918433,11.3823025,1.378156999999998,1.7331450000000004,3.422433999999999,1.6892889999999987,0.9735319999999987,0.3191008041595331,0.121825,1.0,NGC4649,17.38,0.926543,Possible contaminants,151.8335887242076,-14.048221860563238,19.858704,18.125559,16.747402,17.152027,16.43627,http://cas.sdss.org/dr7/en/tools/explore/obj.asp?id=588017569237499969,0.095994
41,588017569237631006,190.8405128,11.20339493,1.0875529999999998,1.4259510000000013,2.8349350000000015,1.4089840000000002,0.7030270000000005,0.3827751998166273,0.064366,0.755327,NGC4649,17.38,0.470933,Possible contaminants,332.5119365076087,-15.833752860563239,17.495474,16.069523,14.98197,15.366496,14.660539,http://cas.sdss.org/dr7/en/tools/explore/obj.asp?id=588017569237631006,0.028093
42,588017569774305500,190.48055844,11.66771037,1.2030620000000027,2.0944779999999987,3.6478670000000015,1.5533890000000028,0.8177420000000026,0.4451867289558815,0.07419,0.837338,NGC4649,17.38,0.956307,Known galaxies,33.070312992428995,-13.98222586056324,20.130243,18.035765,16.832703,17.218023,16.482376,http://cas.sdss.org/dr7/en/tools/explore/obj.asp?id=588017569774305500,0.00237887
43,588017569774567635,191.08929608,11.73707752,0.9421900000000001,1.2208669999999984,2.375418,1.1545510000000014,0.6072960000000016,0.429055332934869,0.087896,0.547349,NGC4649,17.38,0.657095,Possible contaminants,197.32580141724384,-13.91603486056324,19.112377,17.89151,16.94932,17.284214,16.736959,http://cas.sdss.org/dr7/en/tools/explore/obj.asp?id=588017569774567635,0.054219
44,588017702935134320,190.81808667,11.92768912,1.2938200000000002,1.969017000000001,3.580876,1.611858999999999,0.8932730000000006,0.40395614017972825,0.072484,1.0,NGC4649,17.38,0.80437,Possible contaminants,173.37380453144274,-14.12715386056324,19.935385,17.966368,16.672548,17.073095,16.354509,http://cas.sdss.org/dr7/en/tools/explore/obj.asp?id=588017702935134320,0.072996
45,588017702935199870,191.0098471,11.93710572,1.3699419999999982,1.6374530000000007,3.337614000000002,1.7001610000000014,0.9245659999999987,0.3180880087163361,0.121726,1.0,NGC4649,17.38,0.472256,Possible contaminants,214.28991791769724,-13.864228860563237,19.898039,18.260586,16.890644,17.33602,16.560425,http://cas.sdss.org/dr7/en/tools/explore/obj.asp?id=588017702935199870,0.117303
46,588017702935330930,191.29081442,11.83341894,1.2397349999999996,1.7046279999999996,3.236011999999999,1.5313839999999992,0.8530370000000005,0.38049623036638686,0.080492,1.0,NGC4649,17.38,0.939021,Possible contaminants,208.89959767727734,-13.939603860563238,19.81831,18.113682,16.873947,17.260645,16.582298,http://cas.sdss.org/dr7/en/tools/explore/obj.asp?id=588017702935330930,0.127256
47,588017992831402141,190.88544666,11.11951955,1.1611539999999998,1.441718999999999,2.892941999999998,1.4512229999999988,0.7679629999999982,0.33137364807573605,0.098191,0.983593,NGC4649,17.38,0.933372,Possible contaminants,207.43891915356988,-14.220517860563238,19.189413,17.747694,16.58654,16.979731,16.296471,http://cas.sdss.org/dr7/en/tools/explore/obj.asp?id=588017992831402141,0.064935
48,588017571115761899,188.81454781,12.48585307,1.3773419999999987,1.8198760000000007,3.576389999999998,1.7565139999999975,0.9256799999999998,0.34661902469437844,0.083836,0.919961,NGC4552,15.33,0.737077,Possible contaminants,142.09485501954617,-14.215058774271878,19.458208,17.638332,16.26099,16.712652,15.881818,http://cas.sdss.org/dr7/en/tools/explore/obj.asp?id=588017571115761899,0.048491
49,588017571384328359,189.02042626,12.92477858,1.3945869999999978,2.0579029999999996,3.784278999999998,1.7263759999999984,0.9693450000000006,0.32959918028011526,0.094911,1.0,NGC4552,15.33,0.977146,Possible contaminants,209.03765792380284,-14.162228774271878,19.79273,17.734827,16.34024,16.765482,16.008451,http://cas.sdss.org/dr7/en/tools/explore/obj.asp?id=588017571384328359,0.095357
50,588017566565138564,188.6687897,12.54454065,1.380476999999999,1.8630139999999997,3.5975710000000003,1.7345570000000006,0.9491160000000001,0.30633993591843217,0.095932,1.0,NGC4552,15.33,0.565574,Possible contaminants,266.2029705844351,-14.795062774271877,18.944778,17.081764,15.701287,16.132648,15.347207,http://cas.sdss.org/dr7/en/tools/explore/obj.asp?id=588017566565138564,0.093682
51,588017571384328344,189.00352118,12.93608747,1.314026000000002,1.877330999999998,3.48686,1.609529000000002,0.9077500000000018,0.32500841859774954,0.08172,0.999796,NGC4552,15.33,0.995901,Possible contaminants,207.00498186644148,-14.994577774271876,18.718214,16.840883,15.526857,15.933133,15.231354,http://cas.sdss.org/dr7/en/tools/explore/obj.asp?id=588017571384328344,0.094102
52,588017571384328386,189.06869865,12.92000997,1.4634560000000008,1.6349749999999972,3.460481999999999,1.8255070000000018,0.9368310000000015,0.3677787231808457,0.11259,0.527639,NGC4552,15.33,0.222988,Possible contaminants,401.2613694333925,-13.492125774271877,20.007391,18.372416,16.90896,17.435585,16.546909,http://cas.sdss.org/dr7/en/tools/explore/obj.asp?id=588017571384328386,0.054776
53,588017703471022203,188.60346605,12.32476479,1.2815149999999988,1.6037369999999989,3.2185989999999975,1.6148619999999987,0.8444369999999992,0.38083549760697905,0.093222,1.0,NGC4552,15.33,0.760163,Possible contaminants,181.16187753928105,-13.807866774271876,19.568018,17.964281,16.682766,17.119844,16.349419,http://cas.sdss.org/dr7/en/tools/explore/obj.asp?id=588017703471022203,0.130452
54,588017571384328403,189.09178641,12.91210927,1.4043910000000004,1.7842439999999975,3.4969520000000003,1.7127080000000028,0.9624880000000005,0.35517395894871695,0.115936,0.938145,NGC4552,15.33,0.693499,Possible contaminants,157.7748283846555,-14.165844774271875,19.508598,17.724354,16.319963,16.761866,16.011646,http://cas.sdss.org/dr7/en/tools/explore/obj.asp?id=588017571384328403,0.092272
55,588017703471153243,188.9051994,12.38203978,1.1603329999999996,1.7884759999999993,3.253556999999999,1.4650809999999996,0.765447,0.3577558605822931,0.044517,0.757839,NGC4552,15.33,0.8827,Known galaxies,313.0682542940354,-16.697491774271874,16.784142,14.995666,13.835333,14.230219,13.530585,http://cas.sdss.org/dr7/en/tools/explore/obj.asp?id=588017703471153243,0.000947882
56,588017703471153324,188.85371846,12.44110491,1.346270999999998,1.8748710000000024,3.5755390000000027,1.7006680000000003,0.9541339999999998,0.35475940061252753,0.103915,1.0,NGC4552,15.33,0.771494,Possible contaminants,114.38985990530388,-13.386462774271877,20.370253,18.495382,17.149111,17.541248,16.794714,http://cas.sdss.org/dr7/en/tools/explore/obj.asp?id=588017703471153324,0.097575
57,588017703471218730,189.00062744,12.39959027,1.305822000000001,1.8769209999999994,3.5524520000000006,1.6755310000000012,0.8602720000000001,0.3471013637060862,0.053325,0.612782,NGC4552,15.33,0.287325,Possible contaminants,279.19770278390945,-14.976121774271876,18.688782,16.811861,15.506039,15.951589,15.13633,http://cas.sdss.org/dr7/en/tools/explore/obj.asp?id=588017703471218730,0.043289
58,588017703471218804,188.97973235,12.37011129,1.2354990000000008,1.8084369999999979,3.356851999999998,1.5484150000000003,0.8448260000000012,0.3301170721625133,0.057745,1.0,NGC4552,15.33,0.725886,Possible contaminants,213.363194675483,-15.427973774271877,18.153,16.344563,15.109064,15.499737,14.796148,http://cas.sdss.org/dr7/en/tools/explore/obj.asp?id=588017703471218804,0.045167
59,588017703471218844,189.05901582,12.43962214,1.1599259999999987,1.8532159999999998,3.287576999999999,1.434360999999999,0.7866649999999993,0.3494159680143419,0.056878,1.0,NGC4552,15.33,0.939378,Possible contaminants,157.19617427685355,-13.615366774271877,19.952225,18.099009,16.939083,17.312344,16.664648,http://cas.sdss.org/dr7/en/tools/explore/obj.asp?id=588017703471218844,0.043941
60,588017703471284376,189.1094275,12.42465478,1.2048769999999998,1.8322380000000003,3.3653840000000006,1.5331460000000003,0.8226690000000012,0.37689932849750674,0.044336,0.945209,NGC4552,15.33,0.672524,Possible contaminants,164.73401086696865,-14.251316774271878,19.331301,17.499063,16.294186,16.676394,15.965917,http://cas.sdss.org/dr7/en/tools/explore/obj.asp?id=588017703471284376,0.041792
61,588017703471284381,189.1099845,12.40293438,1.2842459999999996,1.9623950000000008,3.562742,1.6003469999999993,0.8300240000000016,0.3582798056850423,0.063066,0.694666,NGC4552,15.33,0.643198,Possible contaminants,135.0664187106321,-13.417429774271877,20.3027,18.340305,17.056059,17.510281,16.739958,http://cas.sdss.org/dr7/en/tools/explore/obj.asp?id=588017703471284381,0.043543
62,588017566565007495,188.46576605,12.61768434,1.4155149999999992,2.023149000000002,3.787656000000002,1.764507,0.9869129999999995,0.3158754336478251,0.101265,0.995724,NGC4552,15.33,0.941183,Possible contaminants,435.3400623317955,-16.309249774271876,17.628523,15.605374,14.189859,14.618461,13.840867,http://cas.sdss.org/dr7/en/tools/explore/obj.asp?id=588017566565007495,0.09372
63,588017566565007496,188.4577848,12.62241659,1.4066899999999993,2.071294999999999,3.8305489999999995,1.7592540000000003,0.9725509999999993,0.2993604463814912,0.095113,1.0,NGC4552,15.33,0.766132,Possible contaminants,233.5012438442974,-15.047318774271876,18.924238,16.852943,15.446253,15.880392,15.093689,http://cas.sdss.org/dr7/en/tools/explore/obj.asp?id=588017566565007496,0.09304
64,588017566565007555,188.48656004,12.62574992,1.4210530000000006,2.0716859999999997,3.8581390000000013,1.7864530000000016,0.9693450000000006,0.3562091204153622,0.087504,0.791575,NGC4552,15.33,0.402451,Possible contaminants,210.03721651641854,-14.194554774271875,19.774187,17.702501,16.281448,16.733156,15.916048,http://cas.sdss.org/dr7/en/tools/explore/obj.asp?id=588017566565007555,0.092735
65,588017570847457484,189.12110373,12.6063621,1.2688510000000015,1.9167469999999973,3.5124889999999986,1.5957420000000013,0.8619190000000003,0.37595953193307996,0.049701,0.894509,NGC4552,15.33,0.871403,Possible contaminants,257.4982861604396,-15.079411774271875,18.626965,16.710218,15.441367,15.848299,15.114476,http://cas.sdss.org/dr7/en/tools/explore/obj.asp?id=588017570847457484,0.043829
66,588017571384328426,189.10603092,12.97888129,1.460275000000001,1.6605279999999993,3.457065,1.7965370000000007,0.9547040000000013,0.38571822503427533,0.131439,0.698803,NGC4552,15.33,0.511512,Possible contaminants,479.60604724247446,-15.026083774271877,18.516859,16.856331,15.396056,15.901627,15.059794,http://cas.sdss.org/dr7/en/tools/explore/obj.asp?id=588017571384328426,0.093408
67,588017571384393868,189.14368888,12.92403375,1.1724400000000017,1.315097999999999,2.7879199999999997,1.4728220000000007,0.7659529999999997,0.3887918063887145,0.123702,1.0,NGC4552,15.33,0.432902,Possible contaminants,356.582979996547,-13.277342774271876,19.731419,18.416321,17.243881,17.650368,16.943499,http://cas.sdss.org/dr7/en/tools/explore/obj.asp?id=588017571384393868,0.094021
68,588017703470956676,188.41148944,12.46145026,1.4078330000000001,1.6509280000000004,3.383446000000003,1.7325180000000024,0.9896630000000002,0.42451283801092504,0.132412,0.837864,NGC4552,15.33,0.82688,Possible contaminants,131.20421071000894,-13.522603774271875,20.045698,18.39477,16.986937,17.405107,16.662252,http://cas.sdss.org/dr7/en/tools/explore/obj.asp?id=588017703470956676,0.093826
69,588017703471022188,188.55506642,12.33591335,1.3279460000000007,1.6763759999999976,3.3297859999999986,1.653410000000001,0.9135760000000026,0.32520952707416495,0.105128,1.0,NGC4552,15.33,0.880025,Possible contaminants,88.76187219290946,-13.647301774271877,19.870361,18.193985,16.866039,17.280409,16.540575,http://cas.sdss.org/dr7/en/tools/explore/obj.asp?id=588017703471022188,0.09516
70,588017703471087724,188.675451,12.30336247,1.4282019999999989,1.9462810000000026,3.7543260000000025,1.808045,0.974689999999999,0.3072752847009268,0.093624,1.0,NGC4552,15.33,0.707458,Possible contaminants,139.96901810488293,-14.091111774271877,19.75757,17.811289,16.383087,16.836599,16.003244,http://cas.sdss.org/dr7/en/tools/explore/obj.asp?id=588017703471087724,0.096793
71,588017703471087734,188.68803687,12.4310803,1.3204840000000004,1.8783090000000016,3.504498999999999,1.6261899999999976,0.9050919999999998,0.32079692426031553,0.07715,1.0,NGC4552,15.33,0.831509,Possible contaminants,122.645020448592,-13.486008774271877,20.225103,18.346794,17.02631,17.441702,16.720604,http://cas.sdss.org/dr7/en/tools/explore/obj.asp?id=588017703471087734,0.097366
72,588017703471153342,188.88165269,12.39483267,1.391171,1.523111,3.2488519999999994,1.7257409999999993,0.9049440000000004,0.428065797568132,0.131641,0.549561,NGC4552,15.33,0.565013,Possible contaminants,256.5280722623621,-13.618573774271876,19.737192,18.214081,16.82291,17.309137,16.48834,http://cas.sdss.org/dr7/en/tools/explore/obj.asp?id=588017703471153342,0.130819
73,588017704007827644,188.43463568,12.76170103,1.3746849999999995,1.9456440000000015,3.6569000000000003,1.7112559999999988,0.9567029999999974,0.34114648100757317,0.093807,1.0,NGC4552,15.33,0.602955,Possible contaminants,100.81161356770586,-13.541342774271875,20.288715,18.343071,16.968386,17.386368,16.631815,http://cas.sdss.org/dr7/en/tools/explore/obj.asp?id=588017704007827644,0.09102
74,588017704007827657,188.43981671,12.74695766,1.3302669999999992,1.8796810000000015,3.5281470000000006,1.648465999999999,0.9164390000000004,0.3622961689844699,0.08393,1.0,NGC4552,15.33,0.953526,Possible contaminants,62.11441046637765,-13.266373774271877,20.457457,18.577776,17.247509,17.661337,16.92931,http://cas.sdss.org/dr7/en/tools/explore/obj.asp?id=588017704007827657,0.093137
75,588017704007893149,188.62128222,12.73351789,1.2280929999999977,1.274757000000001,2.7524170000000012,1.4776600000000002,0.6667430000000003,0.32838891958871014,0.104316,0.879869,NGC4552,15.33,0.424057,Possible contaminants,217.5126564393352,-13.584397774271878,19.284813,18.010056,16.781963,17.343313,16.532396,http://cas.sdss.org/dr7/en/tools/explore/obj.asp?id=588017704007893149,0.09317
76,588017704007958682,188.73800963,12.81758929,1.0128589999999988,1.2407900000000005,2.4522440000000003,1.2114539999999998,0.6375479999999989,0.34191889409584625,0.100945,0.862319,NGC4552,15.33,0.568181,Possible contaminants,138.89980096622548,-14.110571774271875,18.695477,17.454687,16.441828,16.817139,16.243233,http://cas.sdss.org/dr7/en/tools/explore/obj.asp?id=588017704007958682,0.092075
77,588017704008089702,188.94421922,12.83528991,0.9265630000000016,1.0852389999999978,2.2097359999999995,1.1244970000000016,0.5073870000000014,0.3638519765738715,0.084589,0.913803,NGC4552,15.33,0.999245,Possible contaminants,116.20568888607818,-13.298628774271876,19.221708,18.136469,17.209906,17.629082,17.011972,http://cas.sdss.org/dr7/en/tools/explore/obj.asp?id=588017704008089702,0.066826
78,588017566565007473,188.42733259,12.61512721,1.3574210000000022,1.9282059999999994,3.6015630000000023,1.6733570000000029,0.9379740000000005,0.4270447219983884,0.08751,0.94115,NGC4552,15.33,0.721813,Possible contaminants,98.98916531681434,-13.348751774271875,20.445139,18.516933,17.159512,17.578959,16.843576,http://cas.sdss.org/dr7/en/tools/explore/obj.asp?id=588017566565007473,0.091078
79,588017571384328402,189.09304169,13.05266165,1.3423440000000006,1.8119990000000001,3.458126,1.646127,0.9351459999999996,0.327422653138629,0.095632,1.0,NGC4552,15.33,0.8813,Possible contaminants,119.7907607679816,-13.768023774271875,19.906832,18.094833,16.752489,17.159687,16.448706,http://cas.sdss.org/dr7/en/tools/explore/obj.asp?id=588017571384328402,0.093984
80,588017703471284405,189.13515115,12.39523579,1.1656469999999999,1.7225839999999977,3.160891999999997,1.4383079999999993,0.7854320000000001,0.3850444743486208,0.045855,0.752998,NGC4552,15.33,0.349624,Possible contaminants,222.66963413541154,-13.663477774271875,19.772249,18.049665,16.884018,17.264233,16.611357,http://cas.sdss.org/dr7/en/tools/explore/obj.asp?id=588017703471284405,0.045468
81,588017704007827628,188.41797547,12.73710214,0.8568159999999985,1.3567880000000017,2.3594180000000016,1.00263,0.5682069999999975,0.3802487892991683,0.041062,1.0,NGC4552,15.33,0.882703,Possible contaminants,229.7120141922757,-12.917437774271875,19.935268,18.57848,17.721664,18.010273,17.57585,http://cas.sdss.org/dr7/en/tools/explore/obj.asp?id=588017704007827628,0.00381965
82,588017704007958702,188.7762282,12.78723933,1.184660000000001,1.568242999999999,3.018675,1.450432000000001,0.7845329999999997,0.33759078817351607,0.082086,0.858298,NGC4552,15.33,0.924828,Possible contaminants,236.74617707602516,-14.929759774271876,18.350727,16.782484,15.597824,15.997951,15.332052,http://cas.sdss.org/dr7/en/tools/explore/obj.asp?id=588017704007958702,0.092494
83,588017704008155325,189.24617044,12.87347055,1.4227160000000012,1.8868599999999986,3.66517,1.7783100000000012,0.9697190000000013,0.31626672242462417,0.09537,1.0,NGC4552,15.33,0.612622,Possible contaminants,199.65599977664505,-14.217034774271877,19.567255,17.680395,16.257679,16.710676,15.902085,http://cas.sdss.org/dr7/en/tools/explore/obj.asp?id=588017704008155325,0.09555
84,588017726012129348,187.37603938,7.99286113,1.1924320000000002,1.8606800000000003,3.352964000000002,1.4922840000000015,0.785774,0.34971895176633755,0.038038,0.759826,NGC4472,17.14,0.771505,Known galaxies,495.9202430335139,-17.215558087935896,16.60095,14.74027,13.547838,13.954496,13.247986,http://cas.sdss.org/dr7/en/tools/explore/obj.asp?id=588017726012129348,0.00465738
85,588017726012129381,187.39581088,8.05800197,1.2563720000000007,2.009367000000001,3.5840200000000006,1.5746529999999996,0.8440760000000012,0.36289244289625966,0.060326,0.809103,NGC4472,17.14,0.910708,Known galaxies,191.41908035340825,-15.9985150879359,18.024982,16.015615,14.759243,15.171539,14.440962,http://cas.sdss.org/dr7/en/tools/explore/obj.asp?id=588017726012129381,0.00466088
86,588017725475192953,187.14549202,7.60346461,1.133345000000002,1.5068470000000005,2.8994810000000015,1.392634000000001,0.7470570000000016,0.3663146767305554,0.082537,0.879054,NGC4472,17.14,0.78944,Possible contaminants,148.87689637861487,-13.9863950879359,19.437563,17.930716,16.797371,17.183659,16.538082,http://cas.sdss.org/dr7/en/tools/explore/obj.asp?id=588017725475192953,0.111668
87,588017726549000349,187.32435089,8.43280844,1.1501540000000006,1.434000000000001,2.829052000000001,1.3950519999999997,0.7886009999999999,0.39135139480168557,0.117586,0.883046,NGC4472,17.14,0.722487,Possible contaminants,52.89138030787653,-13.400361087935899,19.992294,18.558294,17.40814,17.769693,17.163242,http://cas.sdss.org/dr7/en/tools/explore/obj.asp?id=588017726549000349,0.089716
88,588017726549131454,187.61626532,8.4375154,1.3292849999999987,1.7312280000000015,3.3454590000000017,1.6142310000000002,0.9231819999999971,0.3991706064281248,0.109884,0.893914,NGC4472,17.14,0.670664,Possible contaminants,220.9355436091304,-14.127629087935897,19.696835,17.965607,16.636322,17.042425,16.351376,http://cas.sdss.org/dr7/en/tools/explore/obj.asp?id=588017726549131454,0.088852
89,588017730300215394,187.79046686,8.32330301,1.119522,1.6683510000000012,3.0600500000000004,1.3916989999999991,0.7461200000000012,0.3826432137230484,0.044611,0.635269,NGC4472,17.14,0.526109,Possible contaminants,405.1112158303541,-14.6533970879359,18.931128,17.262777,16.143255,16.516657,15.871078,http://cas.sdss.org/dr7/en/tools/explore/obj.asp?id=588017730300215394,0.086309
90,588017726012129425,187.30447453,7.98678091,1.3013779999999997,1.3430329999999984,2.9269099999999995,1.583877000000001,0.8276670000000017,0.4255172217634034,0.142488,0.70327,NGC4472,17.14,0.557118,Possible contaminants,194.8021683311689,-13.7585340879359,19.58222,18.239187,16.937809,17.41152,16.65531,http://cas.sdss.org/dr7/en/tools/explore/obj.asp?id=588017726012129425,0.126901
91,588017726012260573,187.70926351,8.03510681,1.399322999999999,1.8761629999999982,3.574213999999998,1.6980509999999995,0.9528350000000003,0.31333937635920023,0.105554,1.0,NGC4472,17.14,0.736872,Possible contaminants,246.25167038506854,-14.685959087935899,19.313093,17.43693,16.037607,16.484095,15.738879,http://cas.sdss.org/dr7/en/tools/explore/obj.asp?id=588017726012260573,0.088621
92,588017726549066001,187.58128068,8.34010223,1.3101109999999991,1.9700220000000002,3.547565999999998,1.5775439999999978,0.9023879999999984,0.4045445933861436,0.082353,0.952571,NGC4472,17.14,0.654755,Possible contaminants,411.18073042385424,-14.789424087935899,19.25304,17.283018,15.972907,16.38063,15.705474,http://cas.sdss.org/dr7/en/tools/explore/obj.asp?id=588017726549066001,0.087874
93,588017729763016896,187.08890813,7.8568712,1.439869999999999,2.220925000000001,3.9969550000000016,1.7760300000000004,0.9982369999999996,0.3118261865868466,0.112357,1.0,NGC4472,17.14,0.855066,Possible contaminants,436.87633736241673,-15.802149087935899,18.587067,16.366142,14.926272,15.367905,14.590112,http://cas.sdss.org/dr7/en/tools/explore/obj.asp?id=588017729763016896,0.084376
94,588017729763082360,187.1367738,7.86898646,1.2909809999999986,1.8130699999999997,3.4188209999999977,1.605750999999998,0.884726999999998,0.3681838814361933,0.077329,0.946221,NGC4472,17.14,0.811039,Possible contaminants,177.20877119560313,-13.995413087935898,19.872438,18.059368,16.768387,17.174641,16.453617,http://cas.sdss.org/dr7/en/tools/explore/obj.asp?id=588017729763082360,0.084215
95,588017730299887634,187.02723906,8.2354983,1.2684930000000012,1.9160649999999997,3.5158760000000004,1.5998110000000008,0.8601159999999997,0.3033694091959399,0.053595,1.0,NGC4472,17.14,0.728954,Possible contaminants,293.62389445849817,-16.067689087935896,17.878546,15.962481,14.693988,15.102365,14.36267,http://cas.sdss.org/dr7/en/tools/explore/obj.asp?id=588017730299887634,0.038345
96,588017730299887647,187.03070886,8.18258906,1.11224,1.414868000000002,2.799378000000001,1.3845099999999988,0.7148719999999997,0.3491640633791272,0.085619,0.71878,NGC4472,17.14,0.721597,Possible contaminants,366.5842729690064,-14.3416390879359,18.958155,17.543287,16.431047,16.828415,16.158777,http://cas.sdss.org/dr7/en/tools/explore/obj.asp?id=588017730299887647,0.037407
97,588017730299887741,187.00351709,8.18559111,1.2672629999999998,1.8344260000000006,3.4146920000000005,1.580266,0.8530800000000003,0.3523951458344504,0.062864,1.0,NGC4472,17.14,0.513509,Possible contaminants,491.68957121315833,-16.200656087935897,17.656904,15.822478,14.555215,14.969398,14.242212,http://cas.sdss.org/dr7/en/tools/explore/obj.asp?id=588017730299887741,0.037754
98,588017725475389463,187.59636232,7.54305619,1.1985100000000006,1.8005899999999997,3.3027420000000003,1.5021520000000006,0.8133010000000009,0.3068389226665385,0.050855,1.0,NGC4472,17.14,0.555417,Possible contaminants,246.65012081146628,-15.6542760879359,18.129669,16.329079,15.130569,15.515778,14.826927,http://cas.sdss.org/dr7/en/tools/explore/obj.asp?id=588017725475389463,0.038429
99,588017726012194878,187.5027901,8.10433257,0.9349209999999992,1.2485560000000007,2.4185739999999996,1.170017999999999,0.6018819999999998,0.35453727795382645,0.073582,0.653396,NGC4472,17.14,0.820696,Possible contaminants,187.12406405638,-15.4473990879359,17.573093,16.324537,15.389616,15.722655,15.154519,http://cas.sdss.org/dr7/en/tools/explore/obj.asp?id=588017726012194878,0.03737
100,588017726012260447,187.67701953,8.05817475,1.0272700000000015,1.4399969999999982,2.690593999999999,1.2505970000000008,0.68309,0.42175141897701396,0.062313,0.597936,NGC4472,17.14,0.896996,Possible contaminants,470.7413606636895,-14.992524087935898,18.300617,16.86062,15.83335,16.17753,15.610023,http://cas.sdss.org/dr7/en/tools/explore/obj.asp?id=588017726012260447,0.088852
101,588017726012391593,187.93423218,7.96012444,1.1953609999999983,1.779394,3.240086,1.4606919999999999,0.8264369999999985,0.33524897891422745,0.070977,0.944948,NGC4472,17.14,0.761625,Possible contaminants,230.6773141056767,-14.664734087935898,19.111151,17.331757,16.136396,16.50532,15.871065,http://cas.sdss.org/dr7/en/tools/explore/obj.asp?id=588017726012391593,0.085379
102,588017726549131508,187.70032636,8.33183021,1.194237000000001,1.6085989999999981,3.067387,1.458788000000002,0.8094230000000024,0.3770958458035793,0.080774,0.915034,NGC4472,17.14,0.578188,Possible contaminants,102.99973076600251,-13.7144490879359,19.873627,18.265028,17.070791,17.455605,16.80624,http://cas.sdss.org/dr7/en/tools/explore/obj.asp?id=588017726549131508,0.064595
103,588017729763016879,187.07315485,7.84858137,1.2873730000000023,1.8746550000000006,3.4672400000000003,1.5925849999999997,0.8954219999999999,0.3679690642450509,0.079101,1.0,NGC4472,17.14,0.999957,Possible contaminants,122.11603965935697,-13.728520087935898,20.211611,18.336956,17.049583,17.441534,16.744371,http://cas.sdss.org/dr7/en/tools/explore/obj.asp?id=588017729763016879,0.083466
104,588017729763147850,187.28505911,7.91343092,1.4206889999999994,2.0273269999999997,3.801907,1.7745800000000003,0.9958690000000026,0.3310562337023784,0.107406,1.0,NGC4472,17.14,0.93108,Possible contaminants,188.47428113077464,-14.3278780879359,19.865372,17.838045,16.417356,16.842176,16.063465,http://cas.sdss.org/dr7/en/tools/explore/obj.asp?id=588017729763147850,0.127021
105,588017729763279018,187.69632236,7.82232758,1.2703149999999983,1.6035150000000016,3.1703220000000005,1.566806999999999,0.8332999999999977,0.33704203814059286,0.094456,1.0,NGC4472,17.14,0.532137,Possible contaminants,233.75802667101263,-15.047358087935898,18.559511,16.955996,15.685681,16.122696,15.389189,http://cas.sdss.org/dr7/en/tools/explore/obj.asp?id=588017729763279018,0.084919
106,588017729763344482,187.73457586,7.76466719,1.2673279999999991,1.839300999999999,3.4618509999999993,1.6225500000000004,0.8537730000000003,0.3576663475233046,0.060143,1.0,NGC4472,17.14,0.826737,Possible contaminants,210.8907115637055,-14.012494087935899,19.850634,18.011333,16.744005,17.15756,16.388783,http://cas.sdss.org/dr7/en/tools/explore/obj.asp?id=588017729763344482,0.08609
107,588017729763344534,187.77536879,7.76115526,1.2881250000000009,1.759215000000001,3.335979000000002,1.5767640000000007,0.886489000000001,0.44511072918478556,0.086089,0.60344,NGC4472,17.14,0.731477,Possible contaminants,423.74842156278123,-15.1814840879359,18.634274,16.875059,15.586934,15.98857,15.298295,http://cas.sdss.org/dr7/en/tools/explore/obj.asp?id=588017729763344534,0.084027
108,588017729763344577,187.80953074,7.7583612,1.3572060000000015,1.9422689999999996,3.6308079999999983,1.6885389999999987,0.931591000000001,0.3485952767036714,0.083701,1.0,NGC4472,17.14,0.73192,Possible contaminants,151.61516532556914,-14.2969730879359,19.746941,17.804672,16.447466,16.873081,16.116133,http://cas.sdss.org/dr7/en/tools/explore/obj.asp?id=588017729763344577,0.085317
109,588017729763344619,187.85823061,7.89070668,1.360838000000001,2.140939999999997,3.8767509999999987,1.7358110000000018,0.934820000000002,0.3397135766788934,0.088022,1.0,NGC4472,17.14,0.811378,Possible contaminants,108.51961479645344,-13.6275620879359,20.618252,18.477312,17.116474,17.542492,16.741501,http://cas.sdss.org/dr7/en/tools/explore/obj.asp?id=588017729763344619,0.085324
110,588017730299887808,187.09843607,8.19700574,1.2287479999999995,1.7674040000000026,3.301172000000001,1.5337679999999985,0.8436799999999991,0.3504462802409434,0.065176,0.964072,NGC4472,17.14,0.509374,Possible contaminants,314.79278422937017,-14.2635870879359,19.517551,17.750147,16.521399,16.906467,16.216379,http://cas.sdss.org/dr7/en/tools/explore/obj.asp?id=588017730299887808,0.066744
111,588017730299887817,187.10394245,8.27057129,1.2595400000000012,1.6646269999999994,3.239771000000001,1.5751440000000017,0.8522789999999993,0.36915436439741633,0.089571,0.905859,NGC4472,17.14,0.623292,Possible contaminants,160.99596461248433,-14.193924087935898,19.493036,17.828409,16.568869,16.97613,16.253265,http://cas.sdss.org/dr7/en/tools/explore/obj.asp?id=588017730299887817,0.092871
112,588017730300018844,187.39941859,8.31794755,1.2064209999999989,1.6752680000000026,3.1415770000000016,1.466308999999999,0.8107009999999981,0.40511536688932803,0.068237,0.9151,NGC4472,17.14,0.632944,Possible contaminants,76.44226238932586,-13.775202087935899,19.880821,18.205553,16.999132,17.394852,16.739244,http://cas.sdss.org/dr7/en/tools/explore/obj.asp?id=588017730300018844,0.088995
113,588017726011932917,186.95351711,7.95379276,1.340135,1.9898740000000004,3.6093569999999993,1.619482999999999,0.9313369999999992,0.3006738098771885,0.088965,1.0,NGC4472,17.14,0.925095,Possible contaminants,134.4463976408015,-13.408240087935898,20.683025,18.693151,17.353016,17.761814,17.073668,http://cas.sdss.org/dr7/en/tools/explore/obj.asp?id=588017726011932917,0.104666
114,588017726012260543,187.65554307,8.06105679,1.3018950000000018,1.755628999999999,3.380227999999999,1.624599,0.8599549999999994,0.3640542955660519,0.079451,0.629942,NGC4472,17.14,0.421746,Possible contaminants,367.53496509234657,-14.667098087935898,19.11854,17.362911,16.061016,16.502956,15.738312,http://cas.sdss.org/dr7/en/tools/explore/obj.asp?id=588017726012260543,0.089097
115,588017729763016833,186.98911156,7.80384159,1.3175999999999988,1.7915750000000017,3.4214170000000017,1.629842,0.8940249999999992,0.3802356707585076,0.081657,0.966268,NGC4472,17.14,0.603345,Possible contaminants,151.20128318389013,-13.9138300879359,19.941824,18.150249,16.832649,17.256224,16.520407,http://cas.sdss.org/dr7/en/tools/explore/obj.asp?id=588017729763016833,0.084609
116,588017730300018779,187.42682572,8.22701032,1.393187000000001,1.622723999999998,3.2998499999999993,1.6771260000000012,0.9185580000000009,0.36443281840569175,0.139938,0.642427,NGC4472,17.14,0.714139,Possible contaminants,239.23136599868036,-14.004019087935898,19.707317,18.084593,16.691406,17.166035,16.407467,http://cas.sdss.org/dr7/en/tools/explore/obj.asp?id=588017730300018779,0.090035
117,588010360162091054,184.84619223,5.79484358,1.216826000000001,1.9385290000000008,3.453960000000002,1.5154310000000013,0.7971850000000007,0.3427191107335259,0.051896,0.83499,NGC4261,29.4,0.914087,Known galaxies,375.26690899118734,-17.90581965206079,17.171631,15.233102,14.016276,14.435917,13.717671,http://cas.sdss.org/dr7/en/tools/explore/obj.asp?id=588010360162091054,0.0068145
118,588010880371851429,184.98188172,5.89250636,1.3008670000000002,1.7399270000000016,3.2808850000000014,1.5409579999999998,0.9151419999999995,0.42252870052136754,0.127905,0.97618,NGC4261,29.4,0.528974,Possible contaminants,63.169183224457214,-14.611519652060789,20.385286,18.645359,17.344492,17.730217,17.104401,http://cas.sdss.org/dr7/en/tools/explore/obj.asp?id=588010880371851429,0.172497
119,588010360162025620,184.6958769,5.71122144,1.1176930000000027,1.362085999999998,2.7282639999999994,1.3661780000000014,0.7064820000000012,0.2886321600615735,0.094066,1.0,NGC4261,29.4,0.56052,Possible contaminants,328.17566133365955,-14.795918652060788,19.614386,18.2523,17.134607,17.545818,16.886122,http://cas.sdss.org/dr7/en/tools/explore/obj.asp?id=588010360162025620,0.078301
120,588010360162025640,184.71262285,5.72088224,1.0544259999999994,1.8475549999999998,3.355072,1.507517,0.8354079999999975,0.3721599104014127,0.06417,0.993123,NGC4261,29.4,0.585403,Possible contaminants,150.31193054043487,-15.384421652060787,19.640278,17.792723,16.738297,16.957315,16.285206,http://cas.sdss.org/dr7/en/tools/explore/obj.asp?id=588010360162025640,0.073766
121,588010360162025647,184.72210819,5.64525377,1.3554970000000033,1.924467,3.601224000000002,1.676757000000002,0.9226130000000019,0.3437997580242138,0.080424,1.0,NGC4261,29.4,0.76673,Possible contaminants,399.1315479257089,-15.868870652060789,19.319946,17.395479,16.039982,16.472866,15.718722,http://cas.sdss.org/dr7/en/tools/explore/obj.asp?id=588010360162025647,0.077165
122,588010360162156751,185.0485887,5.80054424,1.0697349999999979,1.3117020000000004,2.6267369999999985,1.3150349999999982,0.6809539999999998,0.4005157261335358,0.099097,0.856079,NGC4261,29.4,0.819073,Possible contaminants,366.84622280861254,-15.61496965206079,18.719423,17.407721,16.337986,16.726767,16.092686,http://cas.sdss.org/dr7/en/tools/explore/obj.asp?id=588010360162156751,0.11427
123,588010360161960156,184.60993731,5.8381272,1.2880320000000012,1.6420939999999966,3.2582099999999983,1.6161160000000017,0.8539690000000029,0.35782748960013583,0.090371,0.727779,NGC4261,29.4,0.620521,Possible contaminants,338.83006036821286,-15.78011565206079,19.057684,17.41559,16.127558,16.561621,15.799474,http://cas.sdss.org/dr7/en/tools/explore/obj.asp?id=588010360161960156,0.091295
124,588010360698896535,184.75577037,6.10035546,1.3884050000000023,1.741731999999999,3.524909000000001,1.783177000000002,0.9669319999999999,0.32151224201258555,0.115151,0.807365,NGC4261,29.4,0.210596,Possible contaminants,352.7024454858552,-14.448549652060787,20.601851,18.860119,17.471714,17.893187,17.076942,http://cas.sdss.org/dr7/en/tools/explore/obj.asp?id=588010360698896535,0.117924
125,588010879834980508,184.87012284,5.59690994,1.3437240000000017,1.7602480000000007,3.474896000000001,1.7146480000000004,0.9177420000000005,0.302066968780306,0.100205,1.0,NGC4261,29.4,0.808358,Possible contaminants,302.9674520680849,-14.785181652060789,20.234545,18.474297,17.130573,17.556555,16.759649,http://cas.sdss.org/dr7/en/tools/explore/obj.asp?id=588010879834980508,0.101129
126,588010880371720274,184.58478388,5.8560237,1.3029609999999998,1.760947999999999,3.4199449999999985,1.6589969999999994,0.9001030000000014,0.3095862917912993,0.0926,1.0,NGC4261,29.4,0.740618,Possible contaminants,253.37417444540765,-14.993504652060789,20.009283,18.248335,16.945374,17.348232,16.589338,http://cas.sdss.org/dr7/en/tools/explore/obj.asp?id=588010880371720274,0.0916
127,588010880371916952,185.09148974,5.91570289,1.3631220000000006,1.9797100000000007,3.658107000000001,1.6783970000000004,0.928884,0.31988689955498334,0.080389,1.0,NGC4261,29.4,0.823272,Possible contaminants,297.8042561774385,-16.036680652060788,19.21365,17.23394,15.870818,16.305056,15.555543,http://cas.sdss.org/dr7/en/tools/explore/obj.asp?id=588010880371916952,0.090508
128,587726015089344790,226.63461191,1.67656771,1.3949029999999993,1.6309380000000004,3.425269,1.7943309999999997,0.8892729999999993,0.32880424955087517,0.081656,1.0,NGC5846,28.5,0.402074,Possible contaminants,302.59797895540714,-15.310855300042547,19.48358,17.852642,16.457739,16.963369,16.058311,http://cas.sdss.org/dr7/en/tools/explore/obj.asp?id=587726015089344790,0.059541
129,587726015089279240,226.50721459,1.83504141,1.359719000000002,1.9241879999999973,3.636233999999998,1.7120460000000008,0.9549110000000027,0.3185128627102984,0.095708,1.0,NGC5846,28.5,0.766334,Possible contaminants,307.35606647337323,-15.005372300042549,20.147951,18.223763,16.864044,17.268852,16.511717,http://cas.sdss.org/dr7/en/tools/explore/obj.asp?id=587726015089279240,0.11976
130,587726015089344722,226.58927495,1.75468827,1.377092000000001,1.8536469999999987,3.5446139999999993,1.6909670000000006,0.9719430000000031,0.3296777209462322,0.116123,1.0,NGC5846,28.5,0.828307,Possible contaminants,206.76360779118792,-14.91183030004255,20.187984,18.334337,16.957245,17.362394,16.64337,http://cas.sdss.org/dr7/en/tools/explore/obj.asp?id=587726015089344722,0.113752
131,587726032268886297,226.493226,1.52603804,1.393189999999997,1.6821270000000013,3.4127019999999995,1.7305749999999982,0.9581869999999988,0.32718453411833487,0.116634,1.0,NGC5846,28.5,0.779551,Possible contaminants,250.72064857272764,-14.737994300042548,20.176544,18.494417,17.101227,17.53623,16.763842,http://cas.sdss.org/dr7/en/tools/explore/obj.asp?id=587726032268886297,0.119729
132,588017978351550557,171.31557992,38.78300641,1.3735849999999985,1.8230439999999994,3.501861999999999,1.6788179999999997,0.9472430000000003,0.4271151026580229,0.103775,0.899748,NGC3665,26.3,0.936064,Possible contaminants,151.6664990410868,-14.400155742448792,20.46991,18.646866,17.273281,17.699623,16.968048,http://cas.sdss.org/dr7/en/tools/explore/obj.asp?id=588017978351550557,0.132776
133,587738946679013534,170.81472366,38.66138717,1.3153970000000008,1.8492810000000013,3.514171000000001,1.6648899999999998,0.9420989999999989,0.34818770806453325,0.108049,0.814892,NGC3665,26.3,0.431518,Possible contaminants,279.24850478670174,-15.31318074244879,19.577978,17.728697,16.4133,16.786598,16.063807,http://cas.sdss.org/dr7/en/tools/explore/obj.asp?id=587738946679013534,0.106838
134,587738946679013543,170.89244746,38.63242862,1.3906780000000012,1.9749449999999982,3.7129569999999994,1.7380120000000012,0.9809990000000006,0.32798558046016674,0.1083,1.0,NGC3665,26.3,0.474886,Possible contaminants,221.1129965882972,-14.94057274244879,20.11515,18.140205,16.749527,17.159206,16.402193,http://cas.sdss.org/dr7/en/tools/explore/obj.asp?id=587738946679013543,0.107172
135,587738947215949965,170.99942093,39.00595042,1.3238009999999996,2.025831,3.6864160000000012,1.660585000000001,0.9022579999999998,0.3450192605798602,0.07231,1.0,NGC3665,26.3,0.86285,Possible contaminants,200.27239620564941,-14.98719574244879,20.040672,18.014841,16.69104,17.112583,16.354256,http://cas.sdss.org/dr7/en/tools/explore/obj.asp?id=587738947215949965,0.078314
136,588017978351485020,171.16886623,38.8878751,1.1858900000000006,1.8112989999999982,3.2881989999999988,1.4769000000000005,0.8204270000000022,0.3790150846989085,0.055128,0.948355,NGC3665,26.3,0.412692,Possible contaminants,177.62972136697834,-15.071826742448792,19.659678,17.848379,16.662489,17.027952,16.371479,http://cas.sdss.org/dr7/en/tools/explore/obj.asp?id=588017978351485020,0.048998
137,587738946679144564,171.20280296,38.58772321,1.4316959999999987,1.462576000000002,3.2459869999999995,1.7834109999999974,0.9338549999999977,0.41029310444388706,0.142432,0.699495,NGC3665,26.3,0.45604,Possible contaminants,354.5611539796989,-14.55638674244879,19.939823,18.477247,17.045551,17.543392,16.693836,http://cas.sdss.org/dr7/en/tools/explore/obj.asp?id=587738946679144564,0.150941
138,587738947215949948,170.93835423,39.00915253,1.2318630000000006,1.6756630000000001,3.2394929999999995,1.5638299999999994,0.8428100000000001,0.3338363107335366,0.080543,1.0,NGC3665,26.3,0.612122,Possible contaminants,323.9087148001553,-14.525487742448792,20.092764,18.417101,17.185238,17.574291,16.853271,http://cas.sdss.org/dr7/en/tools/explore/obj.asp?id=587738947215949948,0.077882
139,587738947216015394,171.1768836,38.98591763,1.0693260000000002,1.6895709999999973,2.9587189999999985,1.2691480000000013,0.7645550000000014,0.3138123797010526,0.12505,1.0,NGC3665,26.3,0.784711,Possible contaminants,177.66966292882006,-15.51817674244879,19.035728,17.346157,16.276831,16.581602,16.077009,http://cas.sdss.org/dr7/en/tools/explore/obj.asp?id=587738947216015394,0.158769
140,588017977814548555,171.07377134,38.47097018,1.334931000000001,1.7093290000000003,3.365054999999998,1.6557259999999978,0.9192029999999995,0.3331375599061526,0.107173,1.0,NGC3665,26.3,0.536173,Possible contaminants,284.03440153438555,-14.968087742448791,19.760223,18.050894,16.715963,17.131691,16.395168,http://cas.sdss.org/dr7/en/tools/explore/obj.asp?id=588017977814548555,0.121547
141,588017978351485040,171.22162363,38.94545463,1.4204100000000004,1.6844940000000008,3.4903119999999994,1.8058179999999986,0.997484,0.29666904272197175,0.12738,0.987063,NGC3665,26.3,0.703698,Possible contaminants,476.91709206288846,-14.925885742448791,19.855871,18.171377,16.750967,17.173893,16.365559,http://cas.sdss.org/dr7/en/tools/explore/obj.asp?id=588017978351485040,0.136283
142,588017569774108793,189.9712012,11.76692097,1.2952469999999998,1.9974670000000003,3.6309400000000007,1.6334730000000004,0.8806940000000001,0.33992623947964695,0.060396,1.0,NGC4621,15.35,0.703191,Possible contaminants,167.0357514055309,-15.203529899066028,18.605173,16.607706,15.312459,15.727012,14.974233,http://cas.sdss.org/dr7/en/tools/explore/obj.asp?id=588017569774108793,0.044628
143,588017570311110763,190.31231944,12.15752765,1.2915370000000017,1.7106530000000006,3.3056150000000013,1.5949620000000007,0.8670030000000004,0.3785638204248315,0.081744,0.828954,NGC4621,15.35,0.689191,Possible contaminants,297.18735445416553,-14.642665899066028,18.865532,17.154879,15.863342,16.287876,15.559917,http://cas.sdss.org/dr7/en/tools/explore/obj.asp?id=588017570311110763,0.070801
144,588017570311110791,190.34655065,12.16467185,1.4111399999999996,2.184898999999998,3.906115,1.7212160000000019,0.9517720000000018,0.40943221791287093,0.086316,0.929123,NGC4621,15.35,0.9323,Possible contaminants,144.2642453253631,-13.56280089906603,20.504412,18.319513,16.908373,17.367741,16.598297,http://cas.sdss.org/dr7/en/tools/explore/obj.asp?id=588017570311110791,0.074177
145,588017702934872193,190.17155176,11.97904154,1.3034229999999987,1.6827569999999987,3.3031879999999987,1.620431,0.8665690000000019,0.30851627119486646,0.08915,1.0,NGC4621,15.35,0.808101,Possible contaminants,160.80339178301733,-14.29594589906603,19.183922,17.501165,16.197742,16.634596,15.880734,http://cas.sdss.org/dr7/en/tools/explore/obj.asp?id=588017702934872193,0.085139
146,588017702935003281,190.54660698,12.02355904,1.2909819999999979,1.9172720000000005,3.5351019999999984,1.6178299999999979,0.8827629999999989,0.3406046179954982,0.063292,0.940789,NGC4621,15.35,0.557804,Possible contaminants,214.9131206063249,-15.390784899066029,18.339792,16.42252,15.131538,15.539757,14.80469,http://cas.sdss.org/dr7/en/tools/explore/obj.asp?id=588017702935003281,0.073525
147,588017569774174307,190.10130487,11.7720061,1.3265159999999998,1.7967000000000013,3.423929000000001,1.6272289999999998,0.9084339999999997,0.3263837606041231,0.086942,0.955122,NGC4621,15.35,0.495,Possible contaminants,331.5294156324749,-14.924697899066029,18.710978,16.914278,15.587762,16.005844,15.287049,http://cas.sdss.org/dr7/en/tools/explore/obj.asp?id=588017569774174307,0.073893
148,588017570311176287,190.39384058,12.10062287,1.3115750000000013,1.7489129999999982,3.366915999999998,1.6180029999999999,0.8677980000000005,0.4166919733852228,0.082037,0.845366,NGC4621,15.35,0.652673,Possible contaminants,165.85814847194172,-14.196643899066029,19.350609,17.601696,16.290121,16.733898,15.983693,http://cas.sdss.org/dr7/en/tools/explore/obj.asp?id=588017570311176287,0.073668
149,588017702934806684,190.14705603,12.01585437,1.3830399999999976,2.0107169999999996,3.7351509999999983,1.7244339999999987,0.9594179999999994,0.38415040975909215,0.090104,1.0,NGC4621,15.35,0.961267,Possible contaminants,185.53934113294105,-14.06306289906603,19.837614,17.826897,16.443857,16.867479,16.102463,http://cas.sdss.org/dr7/en/tools/explore/obj.asp?id=588017702934806684,0.085504
150,588017702934872241,190.26620567,11.94684462,1.2755790000000005,1.8638079999999988,3.440071999999999,1.576264,0.8750800000000005,0.33497730290994354,0.06748,1.0,NGC4621,15.35,0.721029,Possible contaminants,149.50027714887543,-15.037486899066028,18.631943,16.768135,15.492556,15.893055,15.191871,http://cas.sdss.org/dr7/en/tools/explore/obj.asp?id=588017702934872241,0.045175
151,588017702934937746,190.4523416,11.9335399,1.029358000000002,1.2867089999999983,2.5549490000000006,1.2682400000000023,0.6740570000000012,0.4204932031632763,0.098651,0.611104,NGC4621,15.35,0.876883,Possible contaminants,187.206985295798,-14.219737899066029,18.67157,17.384861,16.355503,16.710804,16.116621,http://cas.sdss.org/dr7/en/tools/explore/obj.asp?id=588017702934937746,0.095719
