galaxy,RA,DEC,SBF,ned-d,virgo,vhel,distance,m_k,a_b,t-type,log(re)
IC0065,15.230966,47.681984,0,0,0,2614,39.7,-23.54,0.64,4,1.38
IC0163,27.312431,20.711317,0,0,0,2749,39.7,-22.38,0.36,8,1.35
IC0239,39.11625,38.97,0,0,0,903,15.7,-22.23,0.31,6,1.9
IC0540,142.542755,7.902529,0,0,0,2035,30,-21.89,0.26,3.5,1.08
IC0591,151.865479,12.27452,0,0,0,2839,41.2,-21.82,0.15,6,1.19
IC0610,156.618179,20.228252,0,0,0,1170,19.6,-21.53,0.09,3.9,1.02
IC0750,179.717606,42.722404,0,1,0,701,36.8,-24.71,0.09,2.1,1.24
IC0777,184.849228,28.309881,0,0,0,2541,39,-21.92,0.1,2.6,0.95
IC0800,188.486313,15.354542,0,0,0,2326,35.8,-22.2,0.16,5.2,1.56
IC0851,197.143127,21.049742,0,0,0,2615,39.8,-21.82,0.15,3.1,1.31
IC0902,204.005051,49.96072,0,0,0,1618,27.9,-21.81,0.05,3.1,1.18
IC1029,218.113373,49.904766,0,0,0,2383,37.9,-23.95,0.08,3.1,1.22
IC1048,220.74115,4.890127,0,0,0,1636,26.2,-22.56,0.16,3,1.31
IC1066,223.26178,3.295883,0,0,0,1577,25.3,-21.55,0.21,4.9,1.25
IC1067,223.271805,3.331717,0,0,0,1577,25.3,-22.18,0.21,3,1.28
IC1125,233.273407,-1.628264,0,0,0,2796,40.8,-22.48,0.66,7.3,1.27
IC1151,239.634705,17.441553,0,0,0,2169,33.7,-22.24,0.16,5.2,1.35
IC1158,240.391968,1.707832,0,0,0,1927,29.4,-22.15,0.49,5.1,1.45
IC1265,264.164398,42.088383,0,0,0,2169,34.7,-21.71,0.14,2,1.26
IC1447,337.499146,-5.119929,0,0,0,2953,41.6,-22.87,0.24,3.1,1.43
IC1596,13.678428,21.522646,0,0,0,2674,38.9,-21.54,0.21,2,1.13
IC1711,22.73028,17.188482,0,0,0,2801,40.2,-23.52,0.45,3,1.1
IC2098,72.684601,-5.418544,0,0,0,2819,38.5,-22.74,0.21,5.9,1.1
IC2166,96.731789,59.080109,0,0,0,2692,41.1,-23.81,0.44,4.7,1.59
IC2327,125.366501,3.169287,0,0,0,2684,37.8,-21.96,0.11,1.1,1.06
IC2461,139.991791,37.191048,0,0,0,2260,34.7,-22.65,0.05,3.2,1.07
IC3061,183.768829,14.028975,0,0,0,2316,35.5,-22.12,0.16,5.2,1.26
IC3102,184.357605,6.689988,0,0,1,2235,16.5,-22.07,0.1,-0.9,1.49
IC3392,187.180405,14.999414,0,0,1,1687,16.5,-21.84,0.16,2.5,1.46
IC4336,207.680878,39.706844,0,0,0,2530,39.6,-22.37,0.08,3,1.36
IC4582,236.414215,28.088715,0,0,0,2145,34,-22.09,0.13,4.1,0.97
IC5334,353.651733,-4.534227,0,0,0,2209,31.1,-22.5,0.18,2.7,1.04
NGC0063,4.43969,11.450358,1,1,0,1160,18.2,-22.08,0.48,-3,1.34
NGC0224,10.68471,41.268749,1,45,0,-300,0.7,-23.39,0.46,3,2.96
NGC0278,13.017918,47.550537,0,0,0,627,12.8,-22.77,0.62,2.9,1.42
NGC0428,18.232122,0.981581,0,0,0,1152,16.7,-21.74,0.12,8.6,1.69
NGC0473,19.979469,16.544645,0,0,0,2134,31.1,-22.93,0.39,-0.3,1.23
NGC0485,20.364977,7.018058,0,0,0,2247,32,-21.72,0.26,0,1.28
NGC0488,20.4452,5.25672,0,0,0,2272,32.2,-25.58,0.13,2.9,1.8
NGC0489,20.474596,9.206488,0,0,0,2507,35.7,-23.22,0.18,0,1.03
NGC0493,20.537439,0.945335,0,0,0,2338,32.8,-22.32,0.14,5.9,1.5
NGC0514,21.01627,12.917349,0,1,0,2472,34.4,-23.55,0.17,5.3,1.72
NGC0518,21.073431,9.330955,0,0,0,2725,38.6,-23.17,0.34,1,1.25
NGC0520,21.14613,3.79241,0,0,0,2281,32.2,-24.17,0.12,0.8,1.57
NGC0522,21.191061,9.994623,0,0,0,2725,38.7,-23.53,0.37,4.1,1.37
NGC0532,21.322283,9.264087,0,0,0,2361,33.7,-23.84,0.4,1.9,1.44
NGC0573,22.705626,41.257317,0,0,0,2788,41.6,-22.03,0.22,0,1.02
NGC0620,24.248648,42.323357,0,0,0,2507,37.8,-21.9,0.29,7,1.26
NGC0628,24.174049,15.78346,0,3,0,657,7.2,-22.47,0.3,5.2,2.15
NGC0660,25.75979,13.64568,0,0,0,850,13.5,-23.33,0.28,1.2,1.84
NGC0678,27.35358,21.997299,0,0,0,2835,40.9,-24.39,0.37,3,1.29
NGC0691,27.673841,21.759899,0,0,0,2665,38.6,-24.14,0.31,4,1.76
NGC0693,27.628531,6.14521,0,0,0,1567,22.5,-22.56,0.23,0.2,1.21
NGC0718,28.305481,4.195917,0,0,0,1733,24.6,-23.23,0.16,1,1.37
NGC0772,29.831591,19.00754,0,0,0,2472,35.7,-25.59,0.31,3,1.9
NGC0779,29.927605,-5.964152,0,2,0,1362,23,-23.75,0.12,3,1.47
NGC0803,30.936255,16.03096,0,0,0,2101,30.4,-22.61,0.22,5.3,1.44
NGC0864,33.86517,6.00262,0,0,0,1562,22.4,-23.24,0.21,5.1,1.92
NGC0891,35.639167,42.349167,1,6,0,528,8.1,-23.64,0.28,3,2.01
NGC0895,35.401958,-5.521394,0,1,0,2288,36.6,-23.42,0.11,6,1.66
NGC0918,36.461667,18.496111,0,0,0,1507,22.5,-22.83,1.53,5.2,1.67
NGC0925,36.820469,33.57888,0,21,0,553,9.1,-21.95,0.33,7,2.15
NGC0955,37.637962,-1.108482,0,0,0,1487,20.8,-22.85,0.16,2,1.18
NGC0972,38.555771,29.311243,0,0,0,1543,23.7,-24.05,0.46,2,1.44
NGC1012,39.812347,30.151669,0,0,0,987,16.3,-21.77,0.63,0,1.47
NGC1015,39.548187,-1.318618,0,0,0,2629,36.3,-23.47,0.14,1,1.35
NGC1032,39.848667,1.093801,0,0,0,2694,37.4,-24.5,0.16,0.4,1.37
NGC1055,40.438469,0.44318,0,2,0,994,22.1,-24.58,0.14,3.1,1.83
NGC1056,40.701195,28.574266,0,0,0,1545,23.7,-22.8,0.65,1,1.13
NGC1068,40.66988,-0.01329,0,2,0,1137,19,-25.62,0.14,3,1.52
NGC1073,40.919159,1.37587,0,0,0,1208,17.2,-22.22,0.17,5.3,1.94
NGC1087,41.604889,-0.498703,0,0,0,1517,21.2,-22.96,0.15,5.2,1.64
NGC1090,41.641315,-0.247042,0,0,0,2760,38.2,-23.72,0.14,3.7,1.6
NGC1134,43.422256,13.014126,0,1,0,3640,39.3,-24.22,0.7,3,1.35
NGC1253,48.537689,-2.82295,0,1,0,1713,16,-21.79,0.39,5.9,1.71
NGC1320,51.202942,-3.042299,0,0,0,2663,36.6,-23.47,0.2,1.1,1.15
NGC1321,51.202389,-3.015633,0,0,0,2848,39.1,-22.95,0.21,0.7,0.94
NGC1637,70.367622,-2.85804,0,8,0,717,9.9,-22.01,0.17,5,1.82
NGC1681,72.958572,-5.80321,0,0,0,2751,37.5,-22.49,0.21,3,1.32
NGC1924,82.008209,-5.310648,0,1,0,2558,31.6,-23.2,0.46,4,1.35
NGC2273,102.536095,60.845695,0,1,0,1840,31.6,-24.04,0.3,1,1.42
NGC2273A,100.029358,60.080662,0,0,0,2100,33.2,-22.24,0.35,5.9,1.57
NGC2344,108.119598,47.166794,0,0,0,974,17.2,-21.95,0.45,4.4,1.51
NGC2357,109.420753,23.356743,0,0,0,2275,33.4,-23.01,0.29,5.8,1.35
NGC2365,110.593948,22.08326,0,1,0,2278,40.9,-24.07,0.25,1,1.45
NGC2460,119.217789,60.349377,0,1,0,1442,40.2,-24.51,0.31,1.9,1.28
NGC2543,123.241478,36.254509,0,0,0,2471,37.1,-23.44,0.3,3,1.39
NGC2644,130.382904,4.980223,0,0,0,1939,28,-21.89,0.16,4.6,1.25
NGC2648,130.665939,14.285502,0,0,0,2060,30.3,-23.76,0.12,1.1,1.23
NGC2654,132.299469,60.221119,0,0,0,1347,23.4,-23.4,0.28,2,1.42
NGC2681,133.386414,51.313709,1,1,0,692,16.7,-23.68,0.1,0.4,1.55
NGC2683,133.172272,33.421799,1,3,0,411,7.5,-23.06,0.14,3,1.75
NGC2690,133.158508,-2.603258,0,0,0,1607,23.1,-22.19,0.1,2,1.2
NGC2697,133.747467,-2.98763,0,0,0,1824,26,-22.19,0.08,-1,1.22
NGC2701,134.773834,53.771755,0,0,0,2326,36.3,-23.13,0.08,5.3,1.5
NGC2710,134.951416,55.70644,0,0,0,2526,39.1,-22.52,0.1,3,1.31
NGC2712,134.876907,44.914001,0,0,0,1815,29,-23.22,0.09,3.1,1.48
NGC2722,134.692398,-3.710102,0,0,0,2760,38.6,-22.52,0.07,4.2,1.22
NGC2726,136.236908,59.932968,0,0,0,1518,25.7,-22.28,0.16,1,1.25
NGC2731,135.534973,8.301766,0,0,0,2583,37,-22.38,0.29,5.5,1.16
NGC2735,135.66098,25.934587,0,0,0,2450,36.5,-23.01,0.17,3,0.99
NGC2742,136.889694,60.47929,0,0,0,1289,22.6,-22.98,0.17,5.3,1.65
NGC2750,136.449554,25.437365,0,0,0,2674,39.4,-23.32,0.15,5.3,1.57
NGC2753,136.784286,25.342352,0,0,0,2783,40.9,-21.9,0.15,0,1.13
NGC2770,137.390091,33.123413,0,0,0,1947,30.2,-22.84,0.1,5.3,1.57
NGC2775,137.583801,7.037924,0,0,0,1354,20.5,-24.53,0.19,1.7,1.64
NGC2776,138.060547,44.954895,0,0,0,2626,40,-23.88,0.06,5.2,1.53
NGC2780,138.18486,34.925514,0,0,0,1979,30.8,-21.59,0.1,2,1.27
NGC2782,138.521332,40.1138,0,0,0,2543,38.6,-24.07,0.07,1.1,1.39
NGC2785,138.813858,40.917648,0,0,0,2622,39.7,-23.58,0.08,9.9,1.07
NGC2798,139.345642,41.99971,0,0,0,1726,27.8,-23.2,0.09,1.1,1.13
NGC2841,140.511063,50.976479,0,6,0,638,14.5,-24.75,0.07,3,1.9
NGC2844,140.450104,40.151218,0,0,0,1486,24.6,-22.06,0.08,0.6,1.08
NGC2856,141.066696,49.2491,0,0,0,2638,40.4,-23.33,0.08,4.1,1.15
NGC2882,141.650513,7.95455,0,0,0,2153,31.5,-22.62,0.22,3,1.36
NGC2893,142.570618,29.539986,0,0,0,1699,26.9,-21.85,0.1,0.4,0.97
NGC2894,142.376038,7.718817,0,0,0,2146,31.4,-23.39,0.27,1,1.15
NGC2903,143.04213,21.50083,0,5,0,556,8.9,-23.72,0.13,4,1.93
NGC2906,143.026031,8.441907,0,0,0,2140,31.4,-23.39,0.2,5.9,1.36
NGC2916,143.739868,21.705259,0,1,0,3730,40.6,-23.93,0.12,3.1,1.44
NGC2964,145.726044,31.847214,0,0,0,1328,22.2,-23.38,0.08,4,1.5
NGC2966,145.547852,4.673152,0,0,0,2044,30,-22.72,0.2,4.2,1.38
NGC2967,145.513885,0.336484,0,0,0,1894,27.7,-23.37,0.43,5.2,1.56
NGC2968,145.800049,31.928837,0,0,0,1566,25.4,-23.6,0.08,1.9,1.35
NGC3003,147.150208,33.42149,0,0,0,1478,24.4,-22.46,0.06,4.3,1.65
NGC3021,147.737976,33.553467,0,2,0,1541,31.5,-23.32,0.06,4,1.31
NGC3023,147.469315,0.617879,0,0,0,1879,27.6,-21.76,0.27,5.5,1.5
NGC3041,148.27977,16.677694,0,0,0,1408,22.5,-23.04,0.15,5.4,1.83
NGC3044,148.420349,1.57965,0,0,0,1289,19.5,-22.48,0.11,5.7,1.58
NGC3049,148.706879,9.27164,0,0,0,1455,22.7,-21.83,0.17,2.5,1.52
NGC3055,148.825195,4.270082,0,0,0,1805,27,-22.68,0.22,5.3,1.47
NGC3067,149.587738,32.369991,0,0,0,1476,24.4,-23.04,0.06,2.1,1.39
NGC3079,150.491348,55.68,0,0,0,1116,20.3,-24.28,0.05,6.7,1.62
NGC3094,150.357986,15.769937,0,0,0,2404,35.6,-23.15,0.12,1,1.08
NGC3107,151.093643,13.62132,0,0,0,2815,40.9,-22.74,0.17,4,1.2
NGC3162,153.381546,22.737574,0,0,0,1300,21.7,-22.22,0.1,4.6,1.55
NGC3166,153.440308,3.42467,0,0,0,1345,20.9,-24.4,0.14,0.3,1.44
NGC3169,153.562912,3.46612,0,0,0,1238,19.1,-24.13,0.13,1.2,1.61
NGC3177,154.142334,21.122868,0,0,0,1302,21.7,-22.46,0.1,3,1.08
NGC3184,154.57077,41.424381,0,2,0,592,11.3,-23.05,0.07,6,2.09
NGC3185,154.410767,21.688284,0,0,0,1217,20.4,-22.41,0.12,1.1,1.5
NGC3190,154.523514,21.83194,0,4,0,1271,24.6,-24.51,0.11,0.9,1.34
NGC3198,154.979126,45.54969,0,19,0,663,14.5,-23.03,0.05,5.2,1.89
NGC3227,155.877533,19.86495,0,2,0,1157,22.4,-24.12,0.1,1.5,1.8
NGC3246,156.674026,3.862108,0,0,0,2154,31.8,-21.8,0.16,7.9,1.45
NGC3254,157.333008,29.49144,0,1,0,1355,37.8,-24.09,0.09,4,1.62
NGC3277,158.231079,28.511728,0,0,0,1408,23.9,-22.98,0.12,1.9,1.33
NGC3279,158.678299,11.197244,0,0,0,1394,22.9,-22.39,0.16,6.5,1.23
NGC3287,158.697113,21.648331,0,0,0,1306,22.2,-21.96,0.1,7.6,1.5
NGC3294,159.06778,37.324589,0,1,0,1586,29.5,-23.97,0.08,5.1,1.61
NGC3310,159.691071,53.503304,0,2,0,993,20.2,-22.92,0.1,4,1.2
NGC3320,159.902176,47.397964,0,0,0,2331,36.5,-22.72,0.09,5.8,1.31
NGC3338,160.531448,13.74693,0,0,0,1302,21.9,-23.58,0.14,5.1,1.81
NGC3344,160.879791,24.92222,0,0,0,586,6.8,-21.72,0.14,4,1.96
NGC3346,160.912033,14.871983,0,0,0,1260,21.3,-22.07,0.12,6,1.67
NGC3351,160.990555,11.70361,0,26,0,778,9.8,-23.31,0.12,3.1,1.86
NGC3359,161.653519,63.22364,0,1,0,1014,13,-21.95,0.04,5.2,1.88
NGC3368,161.690598,11.81994,1,27,0,897,10.1,-23.71,0.11,2.1,1.8
NGC3370,161.76683,17.273697,0,13,0,1279,27.7,-22.8,0.13,5.1,1.38
NGC3380,162.050644,28.601772,0,0,0,1606,26.7,-22.22,0.11,1,1.3
NGC3381,162.103439,34.71125,0,0,0,1629,27.1,-21.86,0.09,2.9,1.4
NGC3395,162.458817,32.982838,0,0,0,1625,27.1,-22.22,0.11,5.9,1.39
NGC3396,162.479691,32.990608,0,0,0,1625,27.1,-22.4,0.11,9.4,1.55
NGC3423,162.809753,5.840101,0,0,0,1011,13.9,-22.18,0.13,6,1.8
NGC3424,162.943008,32.900677,0,0,0,1494,25.4,-22.99,0.1,3,1.31
NGC3430,163.047562,32.950424,0,0,0,1586,26.6,-23.24,0.1,5.1,1.58
NGC3433,163.015945,10.148239,0,0,0,2720,39.8,-23.33,0.13,5.3,1.67
NGC3437,163.148941,22.934116,0,1,0,1283,31.9,-23.65,0.08,5.3,1.32
NGC3445,163.647781,56.990685,0,0,0,2069,33.4,-22.01,0.03,8.9,1.49
NGC3448,163.663498,54.305229,0,0,0,1350,23.8,-22.42,0.05,0.2,1.44
NGC3471,164.787567,61.530453,0,0,0,2109,34.1,-23.08,0.05,1,1.26
NGC3485,165.009964,14.841549,0,0,0,1436,24.6,-22.5,0.09,3.1,1.59
NGC3486,165.099777,28.974819,0,0,0,681,8.6,-21.69,0.09,5.2,1.76
NGC3495,165.317368,3.628037,0,0,0,1130,17.2,-22.26,0.2,6.3,1.64
NGC3501,165.697113,17.989532,0,0,0,1130,19.4,-22.04,0.1,5.9,1.22
NGC3504,165.796631,27.972435,0,0,0,1534,26.1,-23.82,0.11,2.1,1.39
NGC3507,165.85582,18.135344,0,0,0,979,14.3,-22.41,0.11,3.1,1.75
NGC3512,166.012451,28.036831,0,0,0,1376,24.2,-22.27,0.12,5.1,1.42
NGC3521,166.452469,-0.0359,0,0,0,801,7.9,-23.72,0.25,4,1.78
NGC3524,166.633789,11.385305,0,0,0,1365,23.7,-22.27,0.07,0.1,1.14
NGC3547,167.483124,10.720738,0,0,0,1579,26.3,-21.66,0.1,3.2,1.33
NGC3556,167.879028,55.674122,0,2,0,699,11.9,-23.34,0.07,6,1.94
NGC3583,168.545746,48.318378,0,1,0,2136,31.6,-24.13,0.06,3.1,1.45
NGC3596,168.775925,14.787126,0,0,0,1193,21.3,-22.96,0.1,5.2,1.7
NGC3611,169.375656,4.555429,0,1,0,1585,39.3,-23.49,0.21,1,1.24
NGC3614,169.589142,45.748291,0,0,0,2333,36.7,-23.19,0.06,5.2,1.69
NGC3623,169.733154,13.09221,0,0,0,807,7.4,-23.28,0.11,1,1.9
NGC3625,170.130234,57.781326,0,0,0,1940,31.8,-21.57,0.06,3,1.24
NGC3627,170.062607,12.99129,0,30,0,727,10.3,-24.18,0.14,3.1,1.9
NGC3628,170.070908,13.58949,0,0,0,843,8,-23.44,0.12,3.1,1.92
NGC3629,170.132568,26.963408,0,0,0,1508,26.1,-21.6,0.08,5.9,1.54
NGC3631,170.262268,53.16943,0,1,0,1156,24.3,-23.95,0.07,5.2,1.96
NGC3633,170.109222,3.585485,0,0,0,2600,38,-23.05,0.27,1,1.05
NGC3642,170.575058,59.074242,0,0,0,1588,27.2,-23.2,0.05,4,1.63
NGC3652,170.662735,37.765038,0,0,0,1997,32.1,-22.08,0.09,5.8,1.31
NGC3655,170.727524,16.590174,0,1,0,1473,24,-23.08,0.11,5,1.29
NGC3659,170.939575,17.818575,0,0,0,1285,24,-21.62,0.08,7.8,1.3
NGC3666,171.108673,11.342012,0,0,0,1060,15.6,-21.75,0.14,5.2,1.36
NGC3669,171.361725,57.721165,0,0,0,1940,31.8,-21.94,0.07,6.8,1.38
NGC3675,171.535767,43.585918,0,2,0,770,20.9,-24.75,0.09,3,1.76
NGC3679,171.535828,-5.585975,0,0,0,2765,39.5,-21.89,0.18,3.7,1.11
NGC3681,171.624176,16.863222,0,0,0,1239,23.4,-22.86,0.11,4,1.43
NGC3683,171.882874,56.876709,0,1,0,1716,33.3,-23.95,0.07,5,1.15
NGC3683A,172.298859,57.132183,0,0,0,2427,38.3,-23.3,0.06,5.1,1.51
NGC3684,171.796555,17.03031,0,0,0,1163,21.6,-22.4,0.11,4,1.47
NGC3686,171.93309,17.224058,0,0,0,1156,21.4,-23.18,0.1,4.1,1.66
NGC3687,172.002365,29.511044,0,0,0,2507,38.4,-23.25,0.1,3.8,1.38
NGC3689,172.045853,25.661039,0,0,0,2739,41.2,-23.89,0.09,5.3,1.37
NGC3701,172.370422,24.093496,0,0,0,2796,41.9,-22.63,0.07,4,1.37
NGC3705,172.531067,9.27663,0,2,0,1018,23.6,-23.96,0.2,2.4,1.57
NGC3718,173.145584,53.067829,0,0,0,993,18.8,-23.61,0.06,1,1.74
NGC3726,173.338226,47.029091,0,7,0,866,14.7,-23.07,0.07,5.1,1.96
NGC3729,173.455505,53.125496,0,5,0,1060,20.9,-22.88,0.05,1.2,1.66
NGC3755,174.139008,36.410301,0,0,0,1570,27,-21.57,0.11,5.2,1.41
NGC3756,174.19989,54.293682,0,0,0,1318,23.6,-23.09,0.05,4,1.69
NGC3769,174.433777,47.893093,0,4,0,737,17.2,-21.99,0.1,3.4,1.46
NGC3780,174.843216,56.270725,0,0,0,2399,38,-23.86,0.06,5.2,1.63
NGC3786,174.926971,31.909365,0,0,0,2678,40.8,-23.72,0.1,1.1,1.31
NGC3788,174.935822,31.931305,0,0,0,2699,41.1,-23.73,0.1,2.2,1.21
NGC3810,175.244736,11.471132,0,0,1,992,16.5,-23.15,0.19,5.2,1.59
NGC3813,175.327728,36.5467,0,0,0,1465,25.7,-23.2,0.08,3.3,1.43
NGC3835,176.020309,60.119682,0,0,0,2466,39,-23.41,0.08,2,1.26
NGC3877,176.532425,47.494499,0,0,0,895,16.8,-23.39,0.1,5.1,1.64
NGC3888,176.893051,55.967258,0,1,0,2408,41.5,-23.84,0.05,5.3,1.32
NGC3893,177.159195,48.710789,0,5,0,967,20.2,-23.64,0.09,5.2,1.69
NGC3898,177.314041,56.084351,0,0,0,1176,21.7,-24.03,0.09,1.7,1.5
NGC3900,177.289307,27.022076,0,0,0,1798,29.8,-23.68,0.14,-0.3,1.51
NGC3912,177.518539,26.478996,0,0,0,1779,29.6,-22.41,0.09,3.1,1.28
NGC3917,177.689529,51.824211,0,4,0,965,16.4,-22.21,0.09,5.8,1.73
NGC3938,178.206055,44.120731,0,0,0,809,14.5,-23,0.09,5.1,1.86
NGC3949,178.42395,47.858784,0,5,0,800,18.9,-22.79,0.09,4,1.52
NGC3953,178.454285,52.326542,0,7,0,1052,17.8,-24.22,0.13,4,1.89
NGC3972,178.937988,55.320671,0,4,0,852,22,-22.08,0.06,4,1.5
NGC3976,178.990143,6.750834,0,0,0,2497,37.2,-23.2,0.05,3.2,1.36
NGC3982,179.117371,55.125362,0,23,0,1109,21.3,-22.8,0.06,3.2,1.43
NGC3992,179.399933,53.374519,0,5,0,1048,20.7,-24.65,0.13,4,2
NGC4010,179.658295,47.261311,0,0,0,902,16.9,-21.56,0.1,6.9,1.45
NGC4013,179.630905,43.947021,0,0,0,831,15,-23.25,0.07,3,1.67
NGC4030,180.098511,-1.099963,0,3,0,1465,31,-25.14,0.12,4,1.61
NGC4041,180.55072,62.137287,0,0,0,1234,22.6,-23.36,0.08,4,1.35
NGC4045,180.676086,1.976771,0,0,0,1981,30.7,-23.69,0.1,1.3,1.36
NGC4051,180.790359,44.531261,0,5,0,700,14.9,-23.2,0.06,4,1.91
NGC4062,181.015976,31.895815,0,0,0,769,9.8,-21.75,0.11,5.3,1.72
NGC4064,181.046631,18.443451,0,0,1,913,16.5,-22.54,0.09,1.4,1.55
NGC4067,181.048157,10.854354,0,0,0,2415,36.5,-22.91,0.11,3.1,1.2
NGC4085,181.344604,50.352749,0,4,0,746,21,-22.5,0.08,5.3,1.34
NGC4088,181.392456,50.539028,0,6,0,757,14.4,-23.31,0.09,4.7,1.76
NGC4096,181.504837,47.478359,0,0,0,566,9.6,-22.12,0.08,5.3,1.77
NGC4100,181.535843,49.58231,0,7,0,1074,19.6,-23.44,0.1,4.1,1.65
NGC4102,181.596313,52.710949,0,4,0,846,21.1,-23.91,0.09,3.1,1.25
NGC4123,182.046173,2.878309,0,0,1,1327,16.5,-22.3,0.09,5,1.91
NGC4138,182.374115,43.685318,1,5,0,888,13.4,-22.44,0.06,-0.9,1.37
NGC4145,182.506348,39.883862,0,0,0,1016,19,-22.92,0.12,6.9,1.99
NGC4151,182.636078,39.405762,0,0,0,995,18.5,-23.96,0.12,2,1.43
NGC4157,182.768188,50.48468,0,0,0,774,14.7,-23.48,0.09,3.3,1.58
NGC4158,182.792358,20.17577,0,0,0,2458,37.6,-23.14,0.14,3.1,1.29
NGC4162,182.968613,24.123682,0,1,0,2569,26.8,-22.79,0.16,4,1.36
NGC4178,183.193512,10.865998,0,0,1,374,16.5,-21.52,0.12,7,1.77
NGC4180,183.262726,7.038787,0,0,1,2096,16.5,-21.99,0.07,2,1.15
NGC4189,183.446991,13.424846,0,0,1,2115,16.5,-22.19,0.14,6,1.68
NGC4192,183.451218,14.90047,0,0,1,-142,16.5,-24.21,0.15,2.6,1.89
NGC4193,183.473282,13.172905,0,1,0,2480,37.3,-23.54,0.13,4.1,1.42
NGC4194,183.539886,54.526676,0,0,0,2501,39.4,-23.36,0.07,10,0.89
NGC4205,183.731598,63.782757,0,0,0,1417,25.1,-21.57,0.09,0,1.23
NGC4206,183.820312,13.02384,0,0,1,702,16.5,-21.71,0.14,4,1.65
NGC4207,183.876816,9.58494,0,0,1,596,16.5,-21.65,0.08,7.4,1.21
NGC4212,183.914062,13.901473,0,0,1,-81,16.5,-22.72,0.14,4.9,1.58
NGC4216,183.976852,13.1494,0,0,1,131,16.5,-24.58,0.14,3,1.64
NGC4217,183.962082,47.091789,0,4,0,1027,18,-23.7,0.08,3,1.71
NGC4220,184.048889,47.883354,0,0,0,914,17.3,-23.07,0.08,-0.3,1.47
NGC4224,184.140671,7.462119,0,0,0,2603,38.7,-24.34,0.1,1,1.41
NGC4235,184.291306,7.191658,0,0,0,2410,36.2,-24.41,0.08,1,1.43
NGC4237,184.297562,15.323948,0,0,1,867,16.5,-22.49,0.13,4,1.51
NGC4245,184.403259,29.608002,0,0,0,884,12.4,-22.17,0.09,0.1,1.44
NGC4254,184.706772,14.41649,0,0,0,2407,36.6,-25.91,0.17,5.2,1.81
NGC4257,184.776993,5.725926,0,0,0,2756,40.5,-22.34,0.09,1.7,1.05
NGC4258,184.740082,47.303719,1,31,0,448,7.1,-23.79,0.07,4,2.11
NGC4260,184.842697,6.098803,0,1,0,1958,37.7,-24.35,0.1,0.9,1.53
NGC4266,184.926315,5.5382,0,0,1,1536,16.5,-21.64,0.1,1,1.27
NGC4274,184.961105,29.6147,0,0,0,930,14.5,-23.78,0.1,1.7,1.75
NGC4275,184.969177,27.62089,0,0,0,2312,36.1,-22.6,0.09,2.5,1.24
NGC4276,185.031235,7.691995,0,0,0,2618,38.9,-22.27,0.13,6.7,1.36
NGC4289,185.259598,3.72196,0,0,0,2618,38.6,-23.05,0.09,5.7,1.08
NGC4293,185.303711,18.382401,0,0,1,893,16.5,-23.62,0.17,0.2,1.83
NGC4298,185.386627,14.606049,0,0,1,1135,16.5,-22.63,0.15,5.2,1.67
NGC4300,185.422836,5.384774,0,0,0,2310,34.9,-23.19,0.09,1,1.32
NGC4303,185.478958,4.47359,0,0,1,1566,16.5,-24.25,0.1,4,1.9
NGC4307,185.523438,9.043552,0,0,1,1092,16.5,-22.37,0.1,3.2,1.43
NGC4312,185.630661,15.53792,0,0,1,153,16.5,-22.3,0.12,1.9,1.58
NGC4313,185.660583,11.800867,0,0,1,1443,16.5,-22.63,0.16,2.1,1.56
NGC4314,185.63324,29.895304,0,0,0,963,16.2,-23.5,0.11,1,1.59
NGC4316,185.675919,9.332812,0,0,1,1250,16.5,-21.85,0.1,5.6,1.26
NGC4321,185.728745,15.82238,0,34,1,1571,15.9,-24.42,0.11,4.1,2.07
NGC4330,185.821869,11.36798,0,0,1,1563,16.5,-21.59,0.1,6.3,1.61
NGC4343,185.911209,6.953936,0,0,1,1014,16.5,-22.13,0.09,3,1.21
NGC4348,185.974838,-3.442911,0,0,0,2005,30.6,-23.53,0.16,4.2,1.29
NGC4355,186.727615,-0.877642,0,0,0,2179,32.9,-22.48,0.1,1.1,1.17
NGC4369,186.150848,39.38298,0,0,0,1045,19.7,-22.57,0.11,1,1.36
NGC4370,186.228882,7.444566,0,0,1,782,16.5,-21.79,0.1,0.8,1.27
NGC4378,186.325317,4.925024,0,0,0,2559,38,-24.39,0.07,1,1.32
NGC4380,186.342407,10.016705,0,0,1,963,16.5,-22.76,0.1,2.3,1.68
NGC4383,186.356323,16.470005,0,0,1,1710,16.5,-21.6,0.1,1,1.1
NGC4384,186.300049,54.50613,0,0,0,2513,39.6,-22.61,0.08,1,1.31
NGC4385,186.428391,0.572589,0,0,0,2140,32.5,-22.79,0.11,-0.5,1.33
NGC4388,186.445084,12.66207,0,0,0,2524,38,-24.91,0.14,2.8,1.61
NGC4389,186.39624,45.684669,0,4,0,718,16.4,-21.95,0.06,4.1,1.52
NGC4394,186.481766,18.213926,0,0,1,922,16.5,-22.94,0.13,3,1.62
NGC4402,186.531525,13.112794,0,0,1,232,16.5,-22.61,0.13,3.2,1.55
NGC4405,186.529648,16.180849,0,0,1,1747,16.5,-21.72,0.11,-0.1,1.41
NGC4414,186.612869,31.223545,0,24,0,716,17.9,-24.33,0.08,5.2,1.52
NGC4419,186.735138,15.047423,1,2,1,-261,16.5,-23.36,0.14,1.1,1.37
NGC4421,186.76062,15.461305,0,0,1,1603,16.5,-22.3,0.11,-0.3,1.55
NGC4424,186.798264,9.420519,0,0,1,437,16.5,-22,0.09,1,1.54
NGC4430,186.859924,6.26264,0,0,1,1451,16.5,-21.74,0.08,3.4,1.69
NGC4437,188.189941,0.11504,0,0,0,1128,17.3,-23.88,0.1,6,1.96
NGC4438,186.940216,13.00859,0,0,1,71,16.5,-23.83,0.12,0.6,1.75
NGC4440,186.973221,12.293191,0,0,1,724,16.5,-22.19,0.12,1.1,1.26
NGC4450,187.123474,17.084949,0,2,1,1954,19.5,-24.41,0.12,2.4,1.8
NGC4454,187.211441,-1.93914,0,0,0,2407,35.6,-23.72,0.11,0.1,1.54
NGC4457,187.24588,3.570607,0,0,1,882,16.5,-23.32,0.09,0.4,1.32
NGC4469,187.366653,8.750175,0,0,1,587,16.5,-23.06,0.09,0.2,1.57
NGC4470,187.407501,7.824057,0,0,0,2341,35.5,-22.64,0.1,1.4,1.34
NGC4480,187.611588,4.246471,0,0,0,2439,36.4,-23.07,0.1,5,1.47
NGC4488,187.714157,8.36013,0,0,1,972,16.5,-21.69,0.09,0,1.5
NGC4490,187.651535,41.643631,0,2,0,565,6.9,-21.85,0.09,7,1.77
NGC4492,187.748962,8.077909,0,0,1,1740,16.5,-22.02,0.11,1,1.53
NGC4501,187.996735,14.42041,0,3,1,2281,15.3,-24.67,0.16,3.4,1.84
NGC4519,188.37616,8.65446,0,0,1,1216,16.5,-21.54,0.09,6.9,1.59
NGC4525,188.463303,30.277517,0,0,0,1172,23,-21.83,0.1,5.9,1.62
NGC4527,188.5354,2.65381,0,14,0,1736,14.1,-23.81,0.09,4,1.68
NGC4531,188.566025,13.075527,1,1,1,195,14.8,-22.11,0.18,-0.5,1.63
NGC4532,188.580536,6.467703,0,0,1,2012,16.5,-21.61,0.09,9.7,1.41
NGC4535,188.584625,8.19776,0,20,1,1964,15.8,-23.61,0.08,5,1.98
NGC4536,188.613037,2.18788,0,42,1,1808,14.9,-23.36,0.08,4.3,1.84
NGC4539,188.644836,18.202579,0,0,1,1397,16.5,-21.65,0.1,0.7,1.58
NGC4540,188.711945,15.551446,0,0,1,1286,16.5,-21.86,0.15,6.1,1.53
NGC4548,188.860123,14.49632,1,23,1,486,18.7,-24.26,0.17,3.1,1.93
NGC4559,188.990372,27.959761,0,0,0,816,9,-22.2,0.08,6,1.98
NGC4565,189.086685,25.987391,1,7,0,1230,17,-25.1,0.07,3.2,1.87
NGC4567,189.136261,11.25787,0,0,1,2247,16.5,-22.8,0.14,4,1.74
NGC4568,189.142883,11.23863,0,0,1,2255,16.5,-23.58,0.14,4.1,1.66
NGC4569,189.207565,13.16287,0,0,1,-235,16.5,-24.52,0.2,2.4,1.95
NGC4571,189.234879,14.217357,0,0,1,342,16.5,-22.59,0.2,6.4,1.87
NGC4579,189.431656,11.81809,0,0,1,1517,16.5,-24.62,0.18,2.8,1.81
NGC4580,189.45166,5.368432,0,0,1,1034,16.5,-22.32,0.1,1.6,1.52
NGC4586,189.618484,4.319099,0,0,1,794,16.5,-22.63,0.16,0.9,1.64
NGC4591,189.801834,6.012214,0,0,0,2422,36.4,-22.58,0.09,2.3,1.22
NGC4602,190.153534,-5.13301,0,1,0,2539,34.5,-24.16,0.1,4.2,1.59
NGC4604,190.187241,-5.302535,0,0,0,2658,38.5,-21.54,0.1,10,1.1
NGC4606,190.239822,11.912186,0,0,1,1640,16.5,-21.93,0.14,0.5,1.54
NGC4607,190.301697,11.886627,0,0,1,2270,16.5,-21.51,0.14,3.4,1.38
NGC4631,190.533371,32.541512,0,3,0,606,7.1,-22.8,0.07,6.5,2.03
NGC4632,190.633469,-0.08254,0,0,0,1726,28.1,-22.98,0.1,5.1,1.48
NGC4634,190.670776,14.295874,0,0,1,297,16.5,-21.84,0.12,5.9,1.35
NGC4639,190.71814,13.257536,0,39,0,1018,21.9,-22.91,0.11,3.5,1.46
NGC4642,190.824097,-0.644248,0,0,0,2644,38.7,-22.59,0.11,3.9,1.33
NGC4647,190.884583,11.581944,0,0,1,1409,16.5,-23.05,0.11,5.2,1.68
NGC4651,190.927612,16.393396,0,2,0,805,24.1,-23.9,0.12,5.2,1.56
NGC4653,190.962173,-0.561301,0,0,0,2631,38.6,-22.97,0.1,6,1.6
NGC4654,190.985992,13.12635,0,0,1,1046,16.5,-23.36,0.11,5.9,1.77
NGC4659,191.122391,13.498675,0,0,1,480,16.5,-21.84,0.11,0,1.36
NGC4666,191.286148,-0.46191,0,0,0,1529,26.4,-25.06,0.11,5.1,1.5
NGC4668,191.383333,-0.535833,0,0,0,1636,27.2,-21.6,0.11,7.5,1.35
NGC4689,191.939682,13.762688,0,0,1,1616,16.5,-23.13,0.1,4.7,1.98
NGC4691,192.056961,-3.332918,0,0,0,1110,16,-22.5,0.12,0.3,1.42
NGC4698,192.095566,8.487244,0,0,1,1009,16.5,-23.53,0.11,1.4,1.61
NGC4725,192.610886,25.500759,1,21,0,1206,12.9,-24.38,0.05,2.2,2.02
NGC4736,192.721451,41.120152,1,4,0,308,5.1,-23.42,0.08,2.4,1.66
NGC4746,192.980713,12.083027,0,0,1,1783,16.5,-21.6,0.16,3,1.22
NGC4747,192.941513,25.777317,0,0,0,1190,24.3,-21.64,0.05,7.2,1.42
NGC4771,193.338638,1.269171,0,0,0,1134,18.6,-22.35,0.09,6.3,1.52
NGC4772,193.371552,2.168344,0,1,0,1040,28.3,-23.91,0.12,1.1,1.47
NGC4779,193.461929,9.70992,0,0,0,2831,41.9,-23.25,0.09,4.6,1.39
NGC4791,193.683075,8.053164,0,0,0,2529,37.9,-21.56,0.14,0,1.03
NGC4793,193.669174,28.938766,0,0,0,2484,38.5,-24.04,0.05,5.1,1.51
NGC4799,193.814758,2.896605,0,0,0,2793,41,-23.18,0.15,4.9,1.01
NGC4800,193.657394,46.531139,0,1,0,891,29.8,-24.08,0.07,3,1.31
NGC4808,193.953918,4.304094,0,0,1,759,16.5,-22.06,0.16,5.9,1.43
NGC4814,193.841431,58.343967,0,0,0,2517,39.8,-23.95,0.04,3.1,1.38
NGC4826,194.182068,21.682659,1,2,0,408,7.3,-24,0.18,2.3,1.92
NGC4845,194.505173,1.57558,0,0,0,1232,23.2,-24.04,0.09,2.3,1.59
NGC4866,194.863083,14.17105,0,0,1,1988,16.5,-23.18,0.12,-0.1,1.48
NGC4880,195.043884,12.483369,0,0,1,1377,16.5,-22.02,0.14,-1.5,1.71
NGC4904,195.244446,-0.027452,0,0,0,1189,20.8,-22.1,0.11,5.8,1.52
NGC4941,196.054764,-5.55162,0,1,0,1108,21.2,-23.43,0.16,2.4,1.69
NGC4961,196.448227,27.73411,0,0,0,2535,39.1,-22.12,0.05,5.6,1.21
NGC5005,197.734634,37.058941,0,3,0,946,14.1,-24.31,0.06,4,1.63
NGC5012,197.904404,22.91547,0,1,0,2619,39.1,-24.2,0.06,5.2,1.49
NGC5014,197.87999,36.28212,0,0,0,1126,21.4,-21.54,0.03,1.4,1.09
NGC5016,198.027863,24.095051,0,0,0,2612,39.9,-23.29,0.06,4.4,1.39
NGC5033,198.364731,36.593651,0,3,0,875,17.6,-24.28,0.05,5.1,1.79
NGC5055,198.955536,42.029289,0,2,0,504,10.1,-24.43,0.08,4,2.02
NGC5089,199.913742,30.256323,0,0,0,2141,34.2,-21.81,0.05,3.9,1.26
NGC5117,200.73526,28.316532,0,0,0,2382,37.2,-21.52,0.07,5.7,1.35
NGC5169,202.041809,46.672138,0,0,0,2436,38.5,-21.86,0.16,4.1,1.4
NGC5194,202.469574,47.195259,0,8,0,463,7.6,-23.93,0.15,4,2.12
NGC5195,202.498291,47.266129,1,0,0,465,7.4,-23.12,0.15,0.7,1.8
NGC5205,202.515381,62.511528,0,0,0,1766,29.9,-22.62,0.1,3,1.41
NGC5240,203.980103,35.588268,0,0,0,2234,35.5,-22.08,0.06,5.8,1.37
NGC5248,204.383621,8.88506,0,0,0,1151,20.8,-24.34,0.11,4,1.81
NGC5289,206.286118,41.503304,0,0,0,2526,39.6,-23.25,0.04,2,1.03
NGC5290,206.329712,41.712337,0,0,0,2573,40.2,-24.59,0.03,4,1.36
NGC5297,206.598724,43.87204,0,0,0,2409,38.1,-24.02,0.06,4.9,1.54
NGC5300,207.067017,3.9509,0,0,0,1171,20,-22.02,0.1,5.2,1.69
NGC5301,206.602539,46.107407,0,0,0,1503,26.4,-23,0.08,4.7,1.38
NGC5303,206.937347,38.304531,0,0,0,1419,25.3,-21.79,0.06,4.8,1.13
NGC5311,207.233582,39.985245,0,0,0,2698,41.8,-23.86,0.06,-0.1,1.25
NGC5313,207.434814,39.984604,0,0,0,2538,39.7,-24.18,0.04,3,1.37
NGC5320,207.584915,41.366344,0,0,0,2619,40.8,-23.33,0.03,5.2,1.45
NGC5326,207.711304,39.574913,0,0,0,2520,39.4,-24.1,0.07,1,1.22
NGC5334,208.226959,-1.114756,0,0,0,1386,23.1,-21.9,0.2,5.2,1.64
NGC5336,208.040604,43.242783,0,0,0,2336,37.1,-22.05,0.07,5.9,1.28
NGC5346,208.257996,39.580524,0,0,0,2519,39.4,-21.81,0.06,5.8,1.35
NGC5347,208.324387,33.490761,0,0,0,2335,36.8,-23.19,0.09,2,1.43
NGC5350,208.339935,40.363956,0,0,0,2321,36.8,-24.21,0.05,3.6,1.55
NGC5356,208.743423,5.333607,0,0,0,1374,23.7,-22.25,0.11,3.8,1.41
NGC5362,208.722076,41.313534,0,0,0,2175,35,-22.74,0.03,3.3,1.39
NGC5363,209.030182,5.2547,0,0,0,1139,19.3,-24.51,0.12,0.4,1.58
NGC5364,209.050018,5.01446,0,2,0,1241,18.3,-23.52,0.12,4,1.91
NGC5371,208.916763,40.461769,0,2,0,2558,31.4,-24.88,0.04,4,1.84
NGC5372,208.691681,58.666393,0,0,0,1717,29.2,-21.69,0.04,0,0.98
NGC5375,209.233276,29.164293,0,0,0,2386,37.3,-23.62,0.09,2.4,1.45
NGC5377,209.069458,47.235565,0,1,0,1793,31,-24.1,0.07,1,1.51
NGC5383,209.270752,41.846001,0,0,0,2270,36.2,-24.26,0.03,3.1,1.65
NGC5389,209.02652,59.741985,0,0,0,1842,30.9,-23.84,0.09,-0.5,1.32
NGC5425,210.198639,48.44384,0,0,0,2074,33.8,-21.68,0.08,6.6,1.36
NGC5443,210.549271,55.814037,0,0,0,1803,30.3,-23.37,0.06,3,1.49
NGC5448,210.708633,49.172646,0,1,0,2023,34.8,-23.92,0.06,1.4,1.72
NGC5457,210.802429,54.348751,0,28,0,241,7.2,-23.77,0.04,6,2.5
NGC5480,211.589676,50.724998,0,0,0,1856,31,-23,0.08,4.9,1.5
NGC5492,212.646622,19.612354,0,0,0,2271,35.3,-22.57,0.17,3,1.08
NGC5496,212.90773,-1.15872,0,0,0,1541,24.8,-21.68,0.25,6.5,1.58
NGC5506,213.312088,-3.20756,0,0,0,1853,28.6,-24.11,0.26,1.3,1.46
NGC5520,213.09491,50.348434,0,0,0,1877,31.2,-22.51,0.08,3.1,1.08
NGC5523,213.717957,25.317614,0,0,0,1039,18.9,-21.65,0.08,5.8,1.5
NGC5526,213.473862,57.771317,0,0,0,2004,33,-22.28,0.05,4.1,1.2
NGC5560,215.018738,3.992653,0,0,0,1729,27.6,-22.74,0.13,3,1.27
NGC5566,215.083115,3.93359,0,0,0,1507,24.8,-24.59,0.13,1.5,1.53
NGC5577,215.304626,3.435767,0,0,0,1489,24.5,-22.21,0.18,3.8,1.52
NGC5584,215.599213,-0.387449,0,0,0,1638,26,-22.14,0.17,6,1.65
NGC5587,215.544739,13.917938,0,0,0,2303,35.4,-23.07,0.1,-0.1,1.27
NGC5600,215.956421,14.638736,0,0,0,2319,35.7,-23.36,0.09,4.8,1.28
NGC5602,215.578476,50.501423,0,0,0,2230,35.9,-23.19,0.09,1,1.21
NGC5604,216.17836,-3.212143,0,0,0,2748,40.1,-23.33,0.31,1.1,1.2
NGC5630,216.90242,41.257816,0,0,0,2655,41.3,-22.24,0.05,8,1.29
NGC5633,216.868271,46.146549,0,0,0,2334,37.2,-23.27,0.07,3.2,1.23
NGC5645,217.664169,7.275004,0,0,0,1370,23.1,-22.14,0.12,6.6,1.58
NGC5660,217.457504,49.622612,0,0,0,2328,37.2,-23.47,0.09,5.2,1.53
NGC5661,217.989166,6.250472,0,0,0,2354,35.6,-21.56,0.14,3.2,1.12
NGC5665,218.107483,8.078453,0,0,0,2228,34.1,-23.19,0.11,5,1.47
NGC5666,218.288239,10.510788,0,0,0,2221,34.1,-22.5,0.12,0,0.98
NGC5667,217.595367,59.469677,0,0,0,1943,32.2,-22.08,0.04,5.9,1.49
NGC5673,217.878845,49.958813,0,0,0,2082,33.9,-21.58,0.09,5.2,1.35
NGC5676,218.195221,49.457809,0,0,0,2114,34.4,-24.78,0.12,4.7,1.57
NGC5678,218.02327,57.921436,0,2,0,1922,30,-24.11,0.05,3.3,1.54
NGC5689,218.873627,48.741493,0,0,0,2160,35,-24.33,0.15,0.4,1.27
NGC5690,219.421143,2.290972,0,0,0,1753,27.6,-23.25,0.17,5.4,1.44
NGC5691,219.472244,-0.398871,0,0,0,1870,28.9,-22.34,0.16,1.2,1.31
NGC5693,219.046463,48.58453,0,0,0,2279,36.5,-21.74,0.16,6.9,1.44
NGC5701,219.796005,5.363602,0,0,0,1505,24.6,-23.83,0.16,-0.4,1.63
NGC5713,220.048035,-0.28921,0,0,0,1899,29.2,-24.01,0.17,4,1.56
NGC5714,219.548096,46.638359,0,0,0,2237,35.9,-22.81,0.06,5.8,1.29
NGC5719,220.23497,-0.318193,0,0,0,1733,27.1,-23.94,0.17,2.4,1.27
NGC5730,219.967453,42.74234,0,0,0,2533,39.8,-22,0.07,9.6,1.23
NGC5740,221.101761,1.679692,0,1,0,1572,30.5,-23.56,0.16,3,1.46
NGC5746,221.233353,1.95474,0,0,0,1724,27.1,-25.3,0.17,3,1.82
NGC5750,221.546265,-0.223054,0,0,0,1687,26.5,-23.69,0.19,0.4,1.52
NGC5768,223.033112,-2.529713,0,0,0,1962,29.8,-22.68,0.39,5.3,1.4
NGC5775,223.490219,3.544473,0,0,0,1681,26.6,-24.38,0.18,5.2,1.52
NGC5777,222.824158,58.97781,0,0,0,2145,34.9,-23.41,0.05,3.2,1.13
NGC5792,224.59462,-1.09108,0,0,0,1922,29.4,-24.65,0.25,3,1.63
NGC5795,224.08284,49.400208,0,0,0,2366,37.7,-22.99,0.08,4.9,1.23
NGC5806,225.001801,1.891267,0,1,0,1359,21.4,-23.22,0.22,3.2,1.5
NGC5850,226.781982,1.54428,0,0,0,2556,37.9,-24.81,0.24,3.1,1.83
NGC5879,227.444794,57.00021,0,0,0,772,15.9,-22.22,0.05,3.6,1.36
NGC5894,227.920563,59.808823,0,0,0,2466,39.3,-23.92,0.05,8,1.42
NGC5899,228.76355,42.049854,0,0,0,2562,40.1,-24.45,0.15,5.3,1.49
NGC5900,228.770905,42.209854,0,0,0,2511,39.5,-23.56,0.11,3,1.05
NGC5907,228.973694,56.32885,0,0,0,667,14.2,-24,0.05,5.4,1.98
NGC5913,230.230988,-2.578036,0,0,0,2004,30.2,-23.37,0.94,1,1.4
NGC5921,230.485672,5.07054,0,0,0,1480,23.9,-23.81,0.17,4,1.75
NGC5930,231.533279,41.67609,0,0,0,2616,40.8,-24.13,0.1,2.3,1.44
NGC5937,232.69223,-2.829532,0,0,0,2807,40.9,-24.08,0.77,3.1,1.35
NGC5950,232.878433,40.430145,0,0,0,2597,40.5,-22.03,0.12,3.1,1.33
NGC5951,233.429459,15.007294,0,0,0,1780,28.5,-22.24,0.21,5.2,1.51
NGC5953,233.63501,15.193833,0,0,0,1965,30.9,-23.31,0.21,0.2,1.2
NGC5954,233.645833,15.2,0,0,0,1959,30.8,-22.46,0.21,6,1.29
NGC5956,233.743774,11.750359,0,0,0,1899,29.8,-22.52,0.21,5.9,1.16
NGC5957,233.846832,12.047511,0,0,0,1827,28.9,-22.82,0.19,3,1.5
NGC5958,233.704681,28.655119,0,0,0,2007,32.2,-22.14,0.11,4.6,1.29
NGC5961,233.818588,30.86409,0,0,0,1828,29.9,-21.67,0.12,2.5,1.05
NGC5962,234.131851,16.607893,0,0,0,1957,30.9,-23.93,0.23,5.1,1.45
NGC5970,234.624924,12.186608,0,1,0,1957,29.5,-23.55,0.18,5,1.43
NGC5981,234.469437,59.393959,0,0,0,1764,29.8,-23.03,0.11,4.3,1.22
NGC5985,234.904541,59.331951,0,0,0,2517,40,-24.86,0.07,3,1.77
NGC6012,238.558105,14.60124,0,0,0,1854,29.3,-22.81,0.16,1.7,1.48
NGC6015,237.855133,62.310032,0,0,0,835,17.1,-22.7,0.05,6,1.7
NGC6063,241.804016,7.979009,0,3,0,2848,41.1,-22.54,0.2,5.9,1.39
NGC6070,242.494522,0.709315,0,1,0,2004,26.8,-23.45,0.63,6,1.58
NGC6106,244.696701,7.411013,0,0,0,1448,23.3,-22.25,0.29,5.3,1.41
NGC6118,245.452591,-2.283422,0,0,0,1573,24.3,-23.28,0.68,6,1.73
NGC6155,246.534607,48.36692,0,0,0,2418,38.4,-22.96,0.06,5.4,1.35
NGC6168,247.83875,20.185,0,0,0,2519,38.5,-22.31,0.27,8.1,1.22
NGC6181,248.087372,19.826603,0,1,0,2375,35,-24.07,0.27,5.2,1.31
NGC6207,250.765625,36.832424,0,3,0,852,21.4,-22.53,0.07,4.9,1.4
NGC6339,259.2771,40.844959,0,0,0,2108,33.9,-21.69,0.13,6.4,1.38
NGC6368,261.798096,11.543621,0,0,0,2764,41.2,-23.94,0.66,3.1,1.37
NGC6384,263.101257,7.06027,0,2,0,1665,18.5,-23.85,0.53,3.6,1.96
NGC6555,271.954865,17.604898,0,0,0,2225,34.2,-22.87,0.42,5.2,1.44
NGC6570,272.780396,14.093122,0,0,0,2281,34.7,-22.88,0.57,8.8,1.35
NGC6574,272.96344,14.981723,0,0,0,2282,34.8,-24.36,0.76,4,1.23
NGC6675,279.360321,40.057709,0,0,0,2495,38.9,-23.46,0.3,4,1.43
NGC6757,286.263977,55.715137,0,0,0,2380,37.8,-22.78,0.31,0,1.5
NGC6764,287.068115,50.933094,0,1,0,2416,37.4,-23.54,0.29,3.6,1.55
NGC6796,290.378387,61.144833,0,0,0,2189,35.3,-23.58,0.3,4,1.28
NGC7137,327.054321,22.15958,0,0,0,1686,26.3,-23.29,0.59,5,1.44
NGC7177,330.171875,17.738117,0,1,0,1150,20.5,-23.41,0.32,2.5,1.35
NGC7217,331.968201,31.359255,0,0,0,952,16.9,-24.34,0.38,2.5,1.69
NGC7241,333.957825,19.232361,0,0,0,1447,22.8,-22.83,0.23,4,1.38
NGC7328,339.37207,10.531584,0,0,0,2825,40.9,-23.45,0.36,2.1,1.35
NGC7331,339.26709,34.41592,1,22,0,816,12.8,-24.54,0.4,3.9,1.79
NGC7339,339.445374,23.786671,0,1,0,1313,17,-22.6,0.16,4,1.35
NGC7347,339.984009,11.02756,0,0,0,2239,32.9,-21.88,0.25,4.6,1.18
NGC7416,343.923767,-5.495346,0,0,0,2859,40.1,-23.79,0.19,3,1.4
NGC7448,345.014954,15.980365,0,2,0,2194,29.3,-23.34,0.24,5,1.38
NGC7463,345.466583,15.981848,0,0,0,2341,34.5,-22.47,0.32,3,1.17
NGC7479,346.236115,12.322879,0,1,0,2381,31.1,-24.3,0.49,4.4,1.68
NGC7497,347.264282,18.177181,0,0,0,1708,26,-23,0.77,6.2,1.69
NGC7537,348.643738,4.498339,0,2,0,2674,31.5,-22.31,0.29,3.6,1.15
NGC7541,348.682739,4.533899,0,5,0,2689,31.3,-24.15,0.29,4.7,1.48
NGC7625,350.125549,17.225601,0,0,0,1633,24.8,-23.11,0.11,1,1.25
NGC7678,352.116211,22.421183,0,1,0,3489,35.3,-23.62,0.21,4.9,1.56
NGC7694,353.315674,-2.702838,0,0,0,2281,32.2,-21.77,0.2,10,1.34
NGC7714,354.058746,2.15502,0,0,0,2798,39.6,-23.25,0.23,3.1,1.08
NGC7716,354.131073,0.297313,0,0,0,2579,36.5,-23.51,0.15,3,1.37
NGC7731,355.371307,3.739953,0,0,0,2886,40.9,-22.44,0.23,1,1.14
NGC7732,355.391052,3.724953,0,0,0,2907,41.2,-22.31,0.23,6.7,1.43
NGC7742,356.06546,10.767097,0,0,0,1663,24.7,-23.35,0.24,2.8,1.25
NGC7743,356.088043,9.934042,1,2,0,1710,20.1,-23.13,0.3,-0.9,1.59
NGC7750,356.657715,3.799756,0,0,0,2938,41.6,-23.06,0.22,5.5,1.33
NGC7757,357.189667,4.171108,0,0,0,2956,41.9,-22.22,0.19,5.3,1.47
NGC7798,359.856262,20.749886,0,0,0,2403,35.4,-23.4,0.29,5.4,1.27
NGC7814,0.81228,16.145229,1,4,0,1050,12.8,-23.47,0.19,2,1.61
NGC7817,0.995411,20.752338,0,0,0,2309,34.1,-24.26,0.25,4,1.52
PGC005363,21.638643,39.881031,0,0,0,2610,39.1,-21.81,0.25,0,1.04
PGC009485,37.381905,-3.212962,0,0,0,2435,33.6,-22.42,0.12,0,1.23
PGC012130,49.002201,-5.499255,0,0,0,2319,31.7,-22.21,0.31,2.1,1.38
PGC016048,72.093872,-3.366546,0,0,0,2804,38.4,-22.06,0.24,0,1.22
PGC026857,141.978348,44.506252,0,0,0,2670,40.6,-21.52,0.1,0,1.09
PGC039691,184.910721,28.49534,0,0,0,2401,37.3,-21.53,0.11,0,0.76
PGC047559,202.907074,46.150974,0,0,0,2635,41.1,-22.32,0.07,0,1.14
PGC049002,207.18808,41.709625,0,0,0,2695,41.8,-21.69,0.04,0,0.91
PGC049142,207.672974,40.279335,0,0,0,2318,36.8,-21.52,0.03,0,1.05
PGC051697,217.097168,-3.604455,0,0,0,2768,40.3,-22.13,0.39,2.7,1.27
PGC054944,230.833893,-4.151604,0,0,0,2009,30.2,-22.27,0.49,1.6,1.39
PGC058798,250.51297,-5.032629,0,1,0,1565,22.6,-22.79,2.02,4.1,1.63
PGC069448,340.062988,-2.424036,0,0,0,2970,42,-22.36,0.23,3.9,1.43
PGC2800919,323.974976,-3.148177,0,0,0,2873,40.9,-21.9,0.18,0,0.78
UGC00260,6.762131,11.583811,0,0,0,2131,30.9,-22.12,0.33,5.8,1.19
UGC00903,20.449139,17.592384,0,0,0,2518,36.4,-23.43,0.43,3.9,1.04
UGC01020,21.683321,17.264484,0,0,0,2589,37.3,-21.8,0.69,1.7,1.26
UGC01551,30.906231,24.075525,0,0,0,2671,38.8,-21.7,0.4,6.1,1.51
UGC02143,39.902344,36.081223,0,0,0,2754,40.6,-21.77,0.22,3.7,1.09
UGC02997,64.020348,8.180137,0,0,0,1592,22.7,-21.59,1.84,-0.1,1.12
UGC03045,66.67392,20.407866,0,0,0,1387,20.8,-22.02,2.53,5,1.09
UGC03053,67.040306,21.655323,0,0,0,2414,34.8,-23,1.95,5.9,1.26
UGC03258,77.679207,0.408305,0,0,0,2821,38.9,-22.61,0.29,2,1.32
UGC03685,107.274811,61.59552,0,0,0,1797,29.2,-22.88,0.25,3,1.55
UGC03751,108.474602,23.080128,0,0,0,2295,33.6,-22.12,0.24,4.9,1.24
UGC04306,124.403191,35.445976,0,0,0,2400,36.1,-22.48,0.3,1.5,0.97
UGC04375,125.796989,22.664581,0,0,0,2061,30.8,-22.95,0.2,5.3,1.57
UGC04550,130.816666,13.085848,0,0,0,2067,30.3,-21.55,0.21,3.2,1.17
UGC04559,131.031708,30.119106,0,0,0,2085,31.7,-22.49,0.27,2.1,1.14
UGC04621,132.549164,35.076431,0,0,0,2306,35,-22.31,0.17,1,1.16
UGC04824,137.889893,51.254295,0,0,0,2184,34.3,-21.52,0.08,6.4,1.26
UGC04906,139.416351,52.99276,0,0,0,2304,36,-23.38,0.06,1.1,1.24
UGC04982,140.762833,44.554878,0,0,0,2658,40.4,-22.21,0.09,8,1.15
UGC05049,142.230713,49.238419,0,0,0,2723,41.6,-22.24,0.06,5.9,1.16
UGC05228,146.515213,1.668322,0,0,0,1872,27.6,-22.09,0.71,5,1.4
UGC05376,150.112793,3.374309,0,0,0,2054,30.2,-22.63,0.11,7.8,1.01
UGC05403,150.648163,19.177067,0,0,0,2082,31.7,-22.18,0.14,0,0.97
UGC05459,152.041962,53.083481,0,0,0,1112,20.2,-21.88,0.03,5.2,1.51
UGC05720,158.133148,54.400982,0,0,0,1430,24.8,-21.55,0.05,9.9,1.05
UGC05897,161.922653,11.077123,0,0,0,2718,39.8,-22.75,0.13,5.2,1.56
UGC06023,163.586914,27.239655,0,0,0,1334,23.3,-21.62,0.09,6.6,1.37
UGC06402,170.829742,-0.92244,0,0,0,2608,37.8,-21.67,0.19,8,1.02
UGC06517,173.01004,36.698124,0,0,0,2491,38.5,-21.82,0.12,3.7,1.28
UGC06545,173.433333,32.633611,0,0,0,2619,40,-22.36,0.12,3.3,1.2
UGC06879,178.604523,-2.319723,0,0,0,2388,35.1,-21.82,0.11,7.2,1.38
UGC07179,182.741882,63.91457,0,0,0,2630,41.3,-23.33,0.08,0,1.19
UGC08040,193.681351,58.77652,0,0,0,2515,39.8,-21.92,0.04,4.2,0.99
UGC08067,194.30069,-1.706808,0,0,0,2833,41.2,-22.66,0.08,3.6,1.28
UGC08603,204.14035,44.599228,0,0,0,2601,40.6,-22.12,0.07,2,0.87
UGC08658,205.16629,54.333004,0,0,0,2029,33.3,-21.9,0.07,5,1.62
UGC08684,205.566315,60.776775,0,0,0,2195,35.6,-22.08,0.08,6,1.39
UGC08693,206.118393,35.192299,0,0,0,2438,38.2,-21.55,0.05,4.4,1.18
UGC08756,207.649658,42.541439,0,0,0,1354,24.4,-21.6,0.06,1.3,1.03
UGC09665,225.385208,48.319904,0,0,0,2558,40.3,-22.77,0.1,4,1.11
UGC09703,226.359467,46.565308,0,0,0,2471,39.1,-21.89,0.09,0,1.07
UGC09741,227.139587,52.296146,0,0,0,2498,39.6,-21.65,0.1,3,1.16
UGC09858,231.672836,40.5644,0,0,0,2621,40.9,-23.14,0.07,4,1.24
UGC09977,235.498138,0.713232,0,0,0,1915,29.2,-21.77,0.49,5.3,1.35
UGC10043,237.171616,21.869387,0,0,0,2161,33.8,-22.26,0.25,4.1,1.09
UGC10288,243.603348,-0.20754,0,0,0,2044,30.8,-23.1,0.58,5.3,1.5
UGC10743,257.878113,7.994538,0,2,0,2569,39.4,-22.66,0.69,1,1.07
UGC10985,267.018494,14.741472,0,0,0,1801,28.3,-21.55,0.41,9.1,1.4
UGC12010,335.828033,5.53387,0,0,0,2797,40.2,-21.65,0.58,2,1.21
UGC12074,338.276215,8.097454,0,0,0,1988,29.3,-21.67,0.67,0,1.09
UGC12300,345.154968,12.782273,0,0,0,2294,33.6,-22.12,0.8,0.9,1.13
UGC12518,350.053253,7.932117,0,0,0,2787,40,-22.59,0.49,3,1.09
UGC12857,359.198029,1.355099,0,0,0,2477,35.1,-22.05,0.12,4,1.1