objid,ra,dec,g-i,u-g,u-z,g-z,g-r,z-w1,z-w2,z-w3,z-w4,concentration_index,photo_z,frac_dev,host_galaxy,distance,axis_ratio,category,radius,magnitude,u_mag,g_mag,i_mag,r_mag,z_mag,w1,w2,w3,w4,link
1237654786779840539,187.3760461,7.992843176,1.2305,1.83839,3.36753,1.52914,0.83872,1.63562,1.53262,2.01162,4.35262,0.3594049601,0.028407,0.7209538,NGC4472,17.14,0.7595184,Known galaxies,521.6579863,-17.30201409,16.54515,14.70676,13.47626,13.86804,13.17762,11.542,11.645,11.166,8.825,http://skyserver.sdss.org/dr16/en/tools/explore/Summary.aspx?id=1237654786779840539
1237661976011407572,187.5752166,7.840270862,0.97093,1.64102,2.85331,1.21229,0.63945,1.77231,2.44031,5.30031,8.92031,0.3521755667,0.096739,1,NGC4472,17.14,0.9993598,Known galaxies,51.71918942,-12.58390409,20.86662,19.2256,18.25467,18.58615,18.01331,16.241,15.573,12.713,9.093,http://skyserver.sdss.org/dr16/en/tools/explore/Summary.aspx?id=1237661976011407572
1237654786779840584,187.3958044,8.057987548,1.30699,1.83986,3.43496,1.5951,0.9088,2.1209,1.9779,2.7389,5.5979,0.3792592557,0.071438,0.7500415,NGC4472,17.14,0.8679141,Known galaxies,217.7492321,-16.10285409,17.81586,15.976,14.66901,15.0672,14.3809,12.26,12.403,11.642,8.783,http://skyserver.sdss.org/dr16/en/tools/explore/Summary.aspx?id=1237654786779840584
1237654606410285099,184.846192,5.7948369,1.22716,1.86846,3.38908,1.52062,0.79032,1.87926,1.75626,2.03026,4.52126,0.3995084087,0.02597,0.9943219,NGC4261,29.4,0.9123216,Known galaxies,673.2706572,-18.22117665,16.77934,14.91088,13.68372,14.12056,13.39026,11.511,11.634,11.36,8.869,http://skyserver.sdss.org/dr16/en/tools/explore/Summary.aspx?id=1237654606410285099
1237661949719347370,188.9052046,12.38204621,1.16337,1.81895,3.29197,1.47302,0.77388,1.74069,1.62469,1.42869,4.59869,0.3579097287,0.027358,0.7712994,NGC4552,15.33,0.8793265,Known galaxies,310.4624046,-16.70388077,16.81666,14.99771,13.83434,14.22383,13.52469,11.784,11.9,12.096,8.926,http://skyserver.sdss.org/dr16/en/tools/explore/Summary.aspx?id=1237661949719347370
1237655468598165525,226.6428187,1.558828273,1.33579,2.07764,3.72637,1.64873,0.9008,2.40685,2.31085,2.87485,5.37885,0.3552982075,0.052173,0.9500041,NGC5846,28.5,0.8060865,Known galaxies,172.0865868,-17.2734443,17.97922,15.90158,14.56579,15.00078,14.25285,11.846,11.942,11.378,8.874,http://skyserver.sdss.org/dr16/en/tools/explore/Summary.aspx?id=1237655468598165525
1237658629158666684,187.5835157,11.92187464,0.84537,1.21962,2.29322,1.0736,0.60068,1.92198,2.13698,5.38998,8.91498,0.3569011652,0.115104,1,NGC4486,16.4,0.9998984,Known galaxies,32.85066242,-12.47531924,20.4192,19.19958,18.35421,18.5989,18.12598,16.204,15.989,12.736,9.211,http://skyserver.sdss.org/dr16/en/tools/explore/Summary.aspx?id=1237658629158666684
1237658629695733921,187.9703947,12.266407,0.98381,1.56026,2.75565,1.19539,0.6598,1.85236,1.77036,4.06536,7.67036,0.3264421623,0.062414,1,NGC4486,16.4,0.8897434,Known galaxies,78.59669914,-13.69226924,19.60201,18.04175,17.05794,17.38195,16.84636,14.994,15.076,12.781,9.176,http://skyserver.sdss.org/dr16/en/tools/explore/Summary.aspx?id=1237658629695733921
1237658630232539222,187.7995008,12.6836306,1.06181,1.67339,2.98148,1.30809,0.70852,2.02577,1.73977,5.03377,8.57377,0.4434279391,0.093653,0.9878698,NGC4486,16.4,0.8394813,Known galaxies,18.63710565,-12.70287924,20.75325,19.07986,18.01805,18.37134,17.77177,15.746,16.032,12.738,9.198,http://skyserver.sdss.org/dr16/en/tools/explore/Summary.aspx?id=1237658630232539222
1237661950255825006,187.8820771,12.69175343,0.93591,1.41815,2.5455,1.12735,0.642,1.31349,1.50449,5.78049,9.26249,0.4394762614,0.117957,0.9266128,NGC4486,16.4,0.7611841,Known galaxies,45.96024242,-12.29137924,20.84299,19.42484,18.48893,18.78284,18.29749,16.984,16.793,12.517,9.035,http://skyserver.sdss.org/dr16/en/tools/explore/Summary.aspx?id=1237661950255825006
1237661812812873761,187.6332446,12.49021469,1.23018,1.96878,3.52587,1.55709,0.80576,2.15555,2.08555,2.57555,3.80355,0.3468792706,0.005495,0.913231,NGC4486,16.4,0.9289402,Known galaxies,186.7105456,-18.03233924,15.81642,13.84764,12.61746,13.04188,12.29055,10.135,10.205,9.715,8.487,http://skyserver.sdss.org/dr16/en/tools/explore/Summary.aspx?id=1237661812812873761
1237661812812873762,187.6392846,12.49843481,0.85302,1.68729,2.69552,1.00823,0.57676,2.16584,2.33684,5.37784,8.76184,0.4137585732,0.089071,1,NGC4486,16.4,0.9134472,Known galaxies,43.5471792,-12.58390924,20.75436,19.06707,18.21405,18.49031,18.05884,15.893,15.722,12.681,9.297,http://skyserver.sdss.org/dr16/en/tools/explore/Summary.aspx?id=1237661812812873762
1237661816022499458,190.480562,11.66772085,1.17364,2.17913,3.70807,1.52894,0.80573,2.43789,2.51489,4.09589,7.34489,0.1657269006,0.083907,0.8899195,NGC4621,15.35,0.9995907,Known galaxies,30.81224996,-13.7514419,20.16396,17.98483,16.81119,17.1791,16.45589,14.018,13.941,12.36,9.111,http://skyserver.sdss.org/dr16/en/tools/explore/Summary.aspx?id=1237661816022499458
1237661971723518157,187.5508812,7.69647657,0.96326,1.33092,2.54891,1.21799,0.59799,2.12294,2.30694,6.07594,8.26194,0.4398897534,0.077159,0.00817857,NGC4472,17.14,0.5724411,Contaminant,254.3788092,-13.88111409,19.21785,17.88693,16.92367,17.28894,16.66894,14.546,14.362,10.593,8.407,http://skyserver.sdss.org/dr16/en/tools/explore/Summary.aspx?id=1237661971723518157
1237661971723387058,187.1454969,7.60346571,1.13888,1.49136,2.89251,1.40115,0.75137,2.26049,2.61449,6.07249,7.28549,0.3643345879,0.096643,0.8782528,NGC4472,17.14,0.7892724,Contaminant,149.1744024,-13.99078409,19.422,17.93064,16.79176,17.17927,16.52949,14.269,13.915,10.457,9.244,http://skyserver.sdss.org/dr16/en/tools/explore/Summary.aspx?id=1237661971723387058
1237661976011210903,186.9891162,7.803836203,1.32867,1.81493,3.46295,1.64802,0.89421,2.23714,2.28814,3.90414,7.56914,0.3780590361,0.087657,0.9686886,NGC4472,17.14,0.6166157,Contaminant,157.2178032,-13.93210409,19.94709,18.13216,16.80349,17.23795,16.48414,14.247,14.196,12.58,8.915,http://skyserver.sdss.org/dr16/en/tools/explore/Summary.aspx?id=1237661976011210903
1237661972260192480,187.0951293,8.001838113,1.06308,1.33727,2.6772,1.33993,0.71159,2.099,2.414,5.857,7.96,0.4983379232,0.096378,0.1545377,NGC4472,17.14,0.8741063,Contaminant,362.7705392,-14.11971409,19.0992,17.76193,16.69885,17.05034,16.422,14.323,14.008,10.565,8.462,http://skyserver.sdss.org/dr16/en/tools/explore/Summary.aspx?id=1237661972260192480
1237661976011276397,187.1367766,7.868985893,1.30365,1.8106,3.4403,1.6297,0.8956,2.09403,2.27703,3.75803,7.79003,0.3692106441,0.08308,0.9477055,NGC4472,17.14,0.8128121,Contaminant,178.7071763,-13.99992409,19.87633,18.06573,16.76208,17.17013,16.43603,14.342,14.159,12.678,8.646,http://skyserver.sdss.org/dr16/en/tools/explore/Summary.aspx?id=1237661976011276397
1237661972260192462,187.0728676,7.944254361,1.08794,1.53031,2.91635,1.38604,0.71427,2.16669,2.39169,5.24269,8.16869,0.4724335017,0.077728,0,NGC4472,17.14,0.3000026,Contaminant,297.5458266,-13.97059409,19.44404,17.91373,16.82579,17.19946,16.52769,14.361,14.136,11.285,8.359,http://skyserver.sdss.org/dr16/en/tools/explore/Summary.aspx?id=1237661972260192462
1237661976011210958,187.0731581,7.848579506,1.2924,1.8959,3.50075,1.60485,0.89564,2.21047,2.32547,4.54947,7.80147,0.3618026365,0.084744,1,NGC4472,17.14,0.9998315,Contaminant,126.5623143,-13.74737409,20.21422,18.31832,17.02592,17.42268,16.71347,14.503,14.388,12.164,8.912,http://skyserver.sdss.org/dr16/en/tools/explore/Summary.aspx?id=1237661976011210958
1237661972260126982,186.9535166,7.953797722,1.33006,2.01416,3.63607,1.62191,0.92697,2.14651,2.37951,4.48751,8.53951,0.3071409941,0.102191,1,NGC4472,17.14,0.9877661,Contaminant,127.7694654,-13.38360409,20.72758,18.71342,17.38336,17.78645,17.09151,14.945,14.712,12.604,8.552,http://skyserver.sdss.org/dr16/en/tools/explore/Summary.aspx?id=1237661972260126982
1237661972260257949,187.1967891,7.928753481,1.4958,2.01477,3.87606,1.86129,1.06787,2.322,2.594,4.179,7.54,0.2998443181,0.130027,1,NGC4472,17.14,0.7544068,Contaminant,159.0114689,-14.04563409,20.20706,18.19229,16.69649,17.12442,16.331,14.009,13.737,12.152,8.791,http://skyserver.sdss.org/dr16/en/tools/explore/Summary.aspx?id=1237661972260257949
1237661972260258009,187.2850857,7.913417842,1.48179,1.96543,3.80462,1.83919,1.08866,2.21607,2.40907,3.66007,6.92007,0.3215687363,0.137002,1,NGC4472,17.14,0.8794677,Contaminant,186.4172133,-14.33145409,19.89269,17.92726,16.44547,16.8386,16.08807,13.872,13.679,12.428,9.168,http://skyserver.sdss.org/dr16/en/tools/explore/Summary.aspx?id=1237661972260258009
1237661976011407478,187.4527912,7.795489513,1.40521,1.64696,3.36364,1.71668,0.96242,1.87766,2.12066,5.05366,7.64766,0.4013272618,0.14341,0.4576048,NGC4472,17.14,0.6242446,Contaminant,361.6055792,-14.33713409,19.4423,17.79534,16.39013,16.83292,16.07866,14.201,13.958,11.025,8.431,http://skyserver.sdss.org/dr16/en/tools/explore/Summary.aspx?id=1237661976011407478
1237661976011342150,187.3590368,7.87405699,1.37607,1.68939,3.34759,1.6582,0.90362,2.27377,2.55477,5.13877,8.37477,0.4679901498,0.126527,0.04333929,NGC4472,17.14,0.5375777,Contaminant,294.8378658,-13.63670409,20.12636,18.43697,17.0609,17.53335,16.77877,14.505,14.224,11.64,8.404,http://skyserver.sdss.org/dr16/en/tools/explore/Summary.aspx?id=1237661976011342150
1237654786779840680,187.4133685,8.041403201,1.57848,1.34648,3.22143,1.87495,1.12589,2.38113,2.59413,5.16113,7.66013,0.4593948636,0.209003,0.7170414,NGC4472,17.14,0.5753962,Contaminant,343.847204,-13.95386409,19.68856,18.34208,16.7636,17.21619,16.46713,14.086,13.873,11.306,8.807,http://skyserver.sdss.org/dr16/en/tools/explore/Summary.aspx?id=1237654786779840680
1237654786779840740,187.3102147,7.930404444,1.20598,1.26043,2.67888,1.41845,0.82027,2.43162,2.70162,5.84362,8.30662,0.4916324234,0.167361,0.02927627,NGC4472,17.14,0.7950657,Contaminant,174.4005627,-13.42525409,19.8255,18.56507,17.35909,17.7448,17.14662,14.715,14.445,11.303,8.84,http://skyserver.sdss.org/dr16/en/tools/explore/Summary.aspx?id=1237654786779840740
1237661976011538592,187.7753693,7.761157656,1.28075,1.72387,3.29601,1.57214,0.87265,1.78258,1.82858,3.96158,6.70058,0.4280359146,0.081211,0.6253297,NGC4472,17.14,0.7081943,Contaminant,438.3866357,-15.19198409,18.57459,16.85072,15.56997,15.97807,15.27858,13.496,13.45,11.317,8.578,http://skyserver.sdss.org/dr16/en/tools/explore/Summary.aspx?id=1237661976011538592
1237661972260454588,187.7092522,8.035107156,1.40164,1.87152,3.58088,1.70936,0.95541,2.03519,2.14119,3.88319,6.64519,0.3103972905,0.093492,1,NGC4472,17.14,0.7355506,Contaminant,246.685354,-14.68691409,19.31007,17.43855,16.03691,16.48314,15.72919,13.694,13.588,11.846,9.084,http://skyserver.sdss.org/dr16/en/tools/explore/Summary.aspx?id=1237661972260454588
1237661972260454574,187.7045374,8.039176382,1.40813,1.93431,3.66743,1.73312,0.97881,2.10454,2.28654,3.78354,6.78554,0.3167532495,0.10106,0.9586726,NGC4472,17.14,0.5271353,Contaminant,278.3001102,-14.51720409,19.56597,17.63166,16.22353,16.65285,15.89854,13.794,13.612,12.115,9.113,http://skyserver.sdss.org/dr16/en/tools/explore/Summary.aspx?id=1237661972260454574
1237661976011538573,187.7548185,7.894574708,1.19451,1.46648,2.98715,1.52067,0.75571,2.35625,2.57225,5.95025,7.74825,0.3832657172,0.08909,0.2030798,NGC4472,17.14,0.2571454,Contaminant,348.9252504,-13.80084409,19.5914,18.12492,16.93041,17.36921,16.60425,14.248,14.032,10.654,8.856,http://skyserver.sdss.org/dr16/en/tools/explore/Summary.aspx?id=1237661976011538573
1237661976011473068,187.7211713,7.8033672,1.18738,2.06942,3.51612,1.4467,0.77504,2.43787,2.68587,5.66987,8.44887,0.3833575463,0.089058,0.4742602,NGC4472,17.14,0.5688665,Contaminant,208.79245,-13.70952409,20.30499,18.23557,17.04819,17.46053,16.78887,14.351,14.103,11.119,8.34,http://skyserver.sdss.org/dr16/en/tools/explore/Summary.aspx?id=1237661976011473068
1237661976011538555,187.734576,7.764670057,1.26683,1.84036,3.46208,1.62172,0.84922,1.95057,2.22257,4.50657,7.47857,0.3629828033,0.078387,1,NGC4472,17.14,0.8238168,Contaminant,204.5500731,-13.99598409,19.86365,18.02329,16.75646,17.17407,16.40157,14.451,14.179,11.895,8.923,http://skyserver.sdss.org/dr16/en/tools/explore/Summary.aspx?id=1237661976011538555
1237661972260454583,187.7058006,8.014921839,1.0968,1.3449,2.68747,1.34257,0.69981,2.45225,2.70725,5.47325,8.10625,0.4347114969,0.116856,0.3392288,NGC4472,17.14,0.9814876,Contaminant,107.4589434,-13.31104409,19.90372,18.55882,17.46202,17.85901,17.21625,14.764,14.509,11.743,9.11,http://skyserver.sdss.org/dr16/en/tools/explore/Summary.aspx?id=1237661972260454583
1237661976011473016,187.6408898,7.77500299,1.16507,1.42324,2.85401,1.43077,0.77421,2.13411,2.39311,5.23211,8.44511,0.5118749189,0.121537,0,NGC4472,17.14,0.8663219,Contaminant,188.0874643,-13.57938409,19.78812,18.36488,17.19981,17.59067,16.93411,14.8,14.541,11.702,8.489,http://skyserver.sdss.org/dr16/en/tools/explore/Summary.aspx?id=1237661976011473016
1237661976011538561,187.7462845,7.790090427,0.90315,1.17589,2.28511,1.10922,0.54896,2.08326,2.33326,5.93726,8.52826,0.4975224316,0.09207,0,NGC4472,17.14,0.4669966,Contaminant,267.1206673,-13.59253409,19.30237,18.12648,17.22333,17.57752,17.01726,14.934,14.684,11.08,8.489,http://skyserver.sdss.org/dr16/en/tools/explore/Summary.aspx?id=1237661976011538561
1237661976011538619,187.7983895,7.761751028,1.49131,1.99206,3.85232,1.86026,1.00968,1.85274,1.93474,3.17974,6.22774,0.3201053815,0.083506,1,NGC4472,17.14,0.8633832,Contaminant,482.1368988,-15.79273409,18.37906,16.387,14.89569,15.37732,14.52674,12.674,12.592,11.347,8.299,http://skyserver.sdss.org/dr16/en/tools/explore/Summary.aspx?id=1237661976011538619
1237661976011538650,187.8213755,7.80070717,1.46233,1.8262,3.69204,1.86584,0.95926,2.11523,2.29923,4.90623,8.29523,0.4128286887,0.090617,0.1160746,NGC4472,17.14,0.1999804,Contaminant,432.9075128,-14.12624409,19.82927,18.00307,16.54074,17.04381,16.13723,14.022,13.838,11.231,7.842,http://skyserver.sdss.org/dr16/en/tools/explore/Summary.aspx?id=1237661976011538650
1237661976011538620,187.8095295,7.758362122,1.3546,1.98084,3.65756,1.67672,0.93334,2.70495,2.86895,4.90295,8.23195,0.4823253498,0.089698,0.5734242,NGC4472,17.14,0.7390357,Contaminant,81.67653567,-13.86772409,20.21651,18.23567,16.88107,17.30233,16.55895,13.854,13.69,11.656,8.327,http://skyserver.sdss.org/dr16/en/tools/explore/Summary.aspx?id=1237661976011538620
1237661972260585711,187.9342212,7.960118996,1.20322,1.76828,3.25475,1.48647,0.83312,1.91684,2.04084,3.96884,7.01884,0.3339699702,0.066393,0.9519038,NGC4472,17.14,0.7568765,Contaminant,231.8979147,-14.66586409,19.10559,17.33731,16.13409,16.50419,15.85084,13.934,13.81,11.882,8.832,http://skyserver.sdss.org/dr16/en/tools/explore/Summary.aspx?id=1237661972260585711
1237661976011538679,187.8582299,7.890707907,1.37231,2.15165,3.89881,1.74716,0.93037,2.25204,2.27204,5.08504,7.89604,0.3425277836,0.091069,1,NGC4472,17.14,0.7967009,Contaminant,106.5963332,-13.61222409,20.63985,18.4882,17.11589,17.55783,16.74104,14.489,14.469,11.656,8.845,http://skyserver.sdss.org/dr16/en/tools/explore/Summary.aspx?id=1237661976011538679
1237661976011538736,187.8321715,7.74126756,1.23348,1.66505,3.18681,1.52176,0.84283,2.32041,2.59541,5.13741,8.19841,0.4460676773,0.085375,0.3915153,NGC4472,17.14,0.7213208,Contaminant,267.912765,-13.31871409,20.35922,18.69417,17.46069,17.85134,17.17241,14.852,14.577,12.035,8.974,http://skyserver.sdss.org/dr16/en/tools/explore/Summary.aspx?id=1237661976011538736
1237661976548409454,187.7904633,8.323305909,1.12902,1.62895,3.04244,1.41349,0.75215,1.77441,1.99241,5.04941,7.32241,0.3840057358,0.062978,0.6500498,NGC4472,17.14,0.5271731,Contaminant,414.1563215,-14.66730409,18.88385,17.2549,16.12588,16.50275,15.84141,14.067,13.849,10.792,8.519,http://skyserver.sdss.org/dr16/en/tools/explore/Summary.aspx?id=1237661976548409454
1237654786780037303,187.8759655,8.110160457,1.25833,2.09016,3.66256,1.5724,0.85931,2.01178,2.28178,5.05078,8.14478,0.4620900681,0.067585,0.1782363,NGC4472,17.14,0.5483333,Contaminant,445.2179016,-14.49918409,19.62034,17.53018,16.27185,16.67087,15.95778,13.946,13.676,10.907,7.813,http://skyserver.sdss.org/dr16/en/tools/explore/Summary.aspx?id=1237654786780037303
1237661976548409482,187.8344827,8.178267624,1.5216,1.81423,3.6882,1.87397,1.07982,2.11075,2.35275,4.21875,7.03075,0.4275970729,0.140798,0.7058926,NGC4472,17.14,0.8461684,Contaminant,228.9995307,-14.28815409,19.77595,17.96172,16.44012,16.8819,16.08775,13.977,13.735,11.869,9.057,http://skyserver.sdss.org/dr16/en/tools/explore/Summary.aspx?id=1237661976548409482
1237661972260454534,187.6555332,8.061059053,1.31002,1.7534,3.39407,1.64067,0.87105,2.04676,2.24976,5.13376,7.38976,0.3617298708,0.082344,0.6595826,NGC4472,17.14,0.4240511,Contaminant,377.350264,-14.68367409,19.11083,17.35743,16.04741,16.48638,15.71676,13.67,13.467,10.583,8.327,http://skyserver.sdss.org/dr16/en/tools/explore/Summary.aspx?id=1237661972260454534
1237661972260454544,187.6770089,8.058176255,1.0353,1.38411,2.6511,1.26699,0.68997,1.47315,1.67415,5.16415,6.62115,0.4273776481,0.063034,0.6068661,NGC4472,17.14,0.8467637,Contaminant,487.7175351,-14.99988409,18.24425,16.86014,15.82484,16.17017,15.59315,14.12,13.919,10.429,8.972,http://skyserver.sdss.org/dr16/en/tools/explore/Summary.aspx?id=1237661972260454544
1237661976548212911,187.3411043,8.289229277,1.21466,1.17051,2.65642,1.48591,0.7695,2.41136,2.82636,5.99436,7.93936,0.3297903858,0.166585,1,NGC4472,17.14,0.9213564,Contaminant,161.5075385,-13.58928409,19.52078,18.35027,17.13561,17.58077,16.86436,14.453,14.038,10.87,8.925,http://skyserver.sdss.org/dr16/en/tools/explore/Summary.aspx?id=1237661976548212911
1237661976548212937,187.39942,8.317945058,1.2077,1.70626,3.18764,1.48138,0.80888,2.27941,2.35041,4.38441,7.69741,0.4052434126,0.077678,0.9125907,NGC4472,17.14,0.6359317,Contaminant,75.9611411,-13.77014409,19.91505,18.20879,17.00109,17.39991,16.72741,14.448,14.377,12.343,9.03,http://skyserver.sdss.org/dr16/en/tools/explore/Summary.aspx?id=1237661976548212937
1237661976548278369,187.4350424,8.238146498,1.24105,1.55086,3.08344,1.53258,0.80972,2.35326,2.54726,6.09326,8.94626,0.4402173846,0.107417,0.236471,NGC4472,17.14,0.6269805,Contaminant,214.498213,-13.42193409,20.1087,18.55784,17.31679,17.74812,17.02526,14.672,14.478,10.932,8.079,http://skyserver.sdss.org/dr16/en/tools/explore/Summary.aspx?id=1237661976548278369
1237661976548147398,187.1793819,8.262896031,1.21238,1.72291,3.24975,1.52684,0.82831,1.6623,2.0483,4.9293,7.5053,0.4861438973,0.074125,0.4511117,NGC4472,17.14,0.7606554,Contaminant,305.9273139,-13.82022409,19.90105,18.17814,16.96576,17.34983,16.6513,14.989,14.603,11.722,9.146,http://skyserver.sdss.org/dr16/en/tools/explore/Summary.aspx?id=1237661976548147398
1237654786779840677,187.3700814,8.066444178,1.53634,1.76396,3.64431,1.88035,1.09609,2.17212,2.28412,3.91512,7.67212,0.4032792809,0.150372,0.6785595,NGC4472,17.14,0.8630234,Contaminant,209.4887399,-14.13767409,19.89243,18.12847,16.59213,17.03238,16.24812,14.076,13.964,12.333,8.576,http://skyserver.sdss.org/dr16/en/tools/explore/Summary.aspx?id=1237654786779840677
1237661976548081858,187.1039444,8.270572482,1.25589,1.66575,3.24846,1.58271,0.85276,2.29629,2.48629,5.37229,7.90229,0.3691222766,0.084658,0.9031222,NGC4472,17.14,0.617527,Contaminant,158.7989928,-14.18281409,19.50575,17.84,16.58411,16.98724,16.25729,13.961,13.771,10.885,8.355,http://skyserver.sdss.org/dr16/en/tools/explore/Summary.aspx?id=1237661976548081858
1237661976548081848,187.0984388,8.197006151,1.23898,1.75221,3.30603,1.55382,0.85161,1.9012,2.0622,4.6812,7.3812,0.3390971945,0.06839,1,NGC4472,17.14,0.5068599,Contaminant,313.6831935,-14.26464409,19.50923,17.75702,16.51804,16.90541,16.2032,14.302,14.141,11.522,8.822,http://skyserver.sdss.org/dr16/en/tools/explore/Summary.aspx?id=1237661976548081848
1237661976548278402,187.4679634,8.329603818,0.936,1.22865,2.4674,1.23875,0.58484,1.68052,1.86152,5.54852,7.56952,0.3638926597,0.035264,0.2892822,NGC4472,17.14,0.2889621,Contaminant,546.431866,-15.17962409,17.80392,16.57527,15.63927,15.99043,15.33652,13.656,13.475,9.788,7.767,http://skyserver.sdss.org/dr16/en/tools/explore/Summary.aspx?id=1237661976548278402
1237661972797260042,187.5812855,8.340104138,1.33828,2.16838,3.78871,1.62033,0.92906,1.96567,2.17767,3.67967,6.98267,0.4203568074,0.086039,0.9152773,NGC4472,17.14,0.6601889,Contaminant,365.9686467,-14.71211409,19.55538,17.387,16.04872,16.45794,15.76667,13.801,13.589,12.087,8.784,http://skyserver.sdss.org/dr16/en/tools/explore/Summary.aspx?id=1237661972797260042
1237661972797194421,187.413264,8.427362228,1.39217,1.56647,3.33484,1.76837,0.9224,2.11223,2.43623,5.67323,7.68823,0.3773385768,0.124265,0.5677381,NGC4472,17.14,0.2311333,Contaminant,560.1362019,-14.06385409,19.59507,18.0286,16.63643,17.1062,16.26023,14.148,13.824,10.587,8.572,http://skyserver.sdss.org/dr16/en/tools/explore/Summary.aspx?id=1237661972797194421
1237661972797325583,187.6162692,8.437517116,1.32996,1.73335,3.35367,1.62032,0.91994,2.14451,2.30251,4.46451,7.86751,0.3944332894,0.118028,0.8984545,NGC4472,17.14,0.6672331,Contaminant,220.0032473,-14.12216409,19.70118,17.96783,16.63787,17.04789,16.34751,14.203,14.045,11.883,8.48,http://skyserver.sdss.org/dr16/en/tools/explore/Summary.aspx?id=1237661972797325583
1237661972797194390,187.3705912,8.486219663,1.48792,1.79941,3.61129,1.81188,1.0585,2.48727,2.64327,4.54927,7.95527,0.3759992098,0.1466,0.9574261,NGC4472,17.14,0.5709541,Contaminant,111.2148334,-13.44440409,20.58356,18.78415,17.29623,17.72565,16.97227,14.485,14.329,12.423,9.017,http://skyserver.sdss.org/dr16/en/tools/explore/Summary.aspx?id=1237661972797194390
1237661972797259928,187.4582213,8.395154543,1.36381,2.02594,3.69567,1.66973,0.86962,2.48966,2.84366,5.78266,8.33466,0.4662991772,0.11195,0,NGC4472,17.14,0.3058645,Contaminant,261.9078222,-13.43528409,20.63033,18.60439,17.24058,17.73477,16.93466,14.445,14.091,11.152,8.6,http://skyserver.sdss.org/dr16/en/tools/explore/Summary.aspx?id=1237661972797259928
1237661972797260060,187.4786821,8.425669953,0.90556,1.17185,2.28644,1.11459,0.55841,1.61061,1.59161,4.90061,8.18261,0.5173802657,0.087876,0.1168014,NGC4472,17.14,0.7431808,Contaminant,448.3072565,-13.88626409,19.01405,17.8422,16.93664,17.28379,16.72761,15.117,15.136,11.827,8.545,http://skyserver.sdss.org/dr16/en/tools/explore/Summary.aspx?id=1237661972797260060
1237661972797194413,187.4104245,8.36442202,0.84655,1.24002,2.29676,1.05674,0.5597,1.59791,1.83691,4.53591,7.37591,0.4482466542,0.047145,0,NGC4472,17.14,0.7436583,Contaminant,340.0620244,-14.26110409,18.70867,17.46865,16.6221,16.90895,16.41191,14.814,14.575,11.876,9.036,http://skyserver.sdss.org/dr16/en/tools/explore/Summary.aspx?id=1237661972797194413
1237661972797194364,187.3243491,8.432807405,1.15119,1.41322,2.81692,1.4037,0.78687,2.42976,2.54676,5.27576,8.20376,0.3917922202,0.138959,0.87854,NGC4472,17.14,0.7251705,Contaminant,52.94314245,-13.40046409,19.96968,18.55646,17.40527,17.76959,17.15276,14.723,14.606,11.877,8.949,http://skyserver.sdss.org/dr16/en/tools/explore/Summary.aspx?id=1237661972797194364
1237661972797325625,187.7003307,8.331830886,1.19604,1.60388,3.077,1.47312,0.81555,2.35903,2.30903,4.52803,7.57303,0.3875859941,0.086261,0.8739138,NGC4472,17.14,0.5743502,Contaminant,94.38757757,-13.66845409,19.92103,18.31715,17.12111,17.5016,16.84403,14.485,14.535,12.316,9.271,http://skyserver.sdss.org/dr16/en/tools/explore/Summary.aspx?id=1237661972797325625
1237655126083174663,184.854987,5.565750772,0.98658,1.28563,2.50941,1.22378,0.61019,2.24969,2.49969,5.91869,8.38669,0.4459963279,0.083429,0.09474662,NGC4261,29.4,0.8073888,Contaminant,318.8215705,-14.90245665,19.3351,18.04947,17.06289,17.43928,16.82569,14.576,14.326,10.907,8.439,http://skyserver.sdss.org/dr16/en/tools/explore/Summary.aspx?id=1237655126083174663
1237655126083174699,184.9074535,5.588312166,0.79713,1.19849,2.1893,0.99081,0.47643,2.02384,2.34084,5.72684,8.14984,0.4453462962,0.070716,0.2722156,NGC4261,29.4,0.8409356,Contaminant,600.295511,-15.03251665,18.98414,17.78565,16.98852,17.30922,16.79484,14.771,14.454,11.068,8.645,http://skyserver.sdss.org/dr16/en/tools/explore/Summary.aspx?id=1237655126083174699
1237654606410219580,184.6440233,5.741051351,1.3992,1.97578,3.7232,1.74742,0.95039,1.98489,2.05689,3.42789,6.07689,0.3578363223,0.0771,0.8880926,NGC4261,29.4,0.6413839,Contaminant,744.5092362,-16.79981665,18.46809,16.49231,15.09311,15.54192,14.74489,12.76,12.688,11.317,8.668,http://skyserver.sdss.org/dr16/en/tools/explore/Summary.aspx?id=1237654606410219580
1237654606410154201,184.6099408,5.838129725,1.28357,1.70808,3.33217,1.62409,0.85595,2.29509,2.44009,4.78109,6.76709,0.3607087412,0.086689,0.7268134,NGC4261,29.4,0.6216194,Contaminant,335.6824931,-15.77250665,19.13326,17.42518,16.14161,16.56923,15.80109,13.506,13.361,11.02,9.034,http://skyserver.sdss.org/dr16/en/tools/explore/Summary.aspx?id=1237654606410154201
1237654606410219674,184.7221067,5.645251691,1.35628,1.93187,3.61523,1.68336,0.92985,2.17068,2.25268,3.73768,6.98468,0.3467238035,0.081007,1,NGC4261,29.4,0.7694706,Contaminant,391.9379378,-15.85954665,19.34391,17.41204,16.05576,16.48219,15.72868,13.558,13.476,11.991,8.744,http://skyserver.sdss.org/dr16/en/tools/explore/Summary.aspx?id=1237654606410219674
1237654606410219665,184.7126203,5.720881767,1.0521,1.84104,3.35453,1.51349,0.83441,2.39236,2.45336,3.92036,7.10536,0.3721100057,0.074746,0.9992991,NGC4261,29.4,0.5851569,Contaminant,151.365771,-15.38829665,19.62889,17.78785,16.73575,16.95344,16.27436,13.882,13.821,12.354,9.169,http://skyserver.sdss.org/dr16/en/tools/explore/Summary.aspx?id=1237654606410219665
1237655126619914321,184.5847863,5.856012665,1.30662,1.76341,3.41269,1.64928,0.9086,2.1584,2.2484,4.5724,7.5124,0.3138496974,0.096411,1,NGC4261,29.4,0.7629263,Contaminant,247.5386399,-14.98465665,20.02909,18.26568,16.95906,17.35708,16.6164,14.458,14.368,12.044,9.104,http://skyserver.sdss.org/dr16/en/tools/explore/Summary.aspx?id=1237655126619914321
1237655126083043536,184.6553261,5.605398116,1.13278,1.44387,2.87175,1.42788,0.7325,2.38102,2.42802,6.02002,7.50102,0.4384303792,0.090414,0.03388512,NGC4261,29.4,0.396513,Contaminant,414.9484452,-15.31433665,19.20377,17.7599,16.62712,17.0274,16.33202,13.951,13.904,10.312,8.831,http://skyserver.sdss.org/dr16/en/tools/explore/Summary.aspx?id=1237655126083043536
1237654606410285233,184.8351855,5.694115388,1.47697,1.58018,3.35407,1.77389,1.0248,1.96741,2.20641,4.69141,7.75741,0.3871856021,0.177182,0.629299,NGC4261,29.4,0.9645763,Contaminant,459.4359983,-15.03723665,19.90948,18.3293,16.85233,17.3045,16.55541,14.588,14.349,11.864,8.798,http://skyserver.sdss.org/dr16/en/tools/explore/Summary.aspx?id=1237654606410285233
1237654606410219643,184.6958749,5.711221614,1.11664,1.40337,2.77531,1.37194,0.70792,2.14347,2.35647,5.78547,8.40347,0.2800572241,0.103875,1,NGC4261,29.4,0.5570424,Contaminant,324.3656948,-14.78324665,19.66978,18.26641,17.14977,17.55849,16.89447,14.751,14.538,11.109,8.491,http://skyserver.sdss.org/dr16/en/tools/explore/Summary.aspx?id=1237654606410219643
1237654606410350834,185.0485875,5.800543608,1.0702,1.30898,2.63359,1.32461,0.68548,2.2905,2.5475,5.6775,7.6935,0.4085661881,0.095594,0.853604,NGC4261,29.4,0.8263898,Contaminant,365.8261519,-15.61910665,18.71709,17.40811,16.33791,16.72263,16.0835,13.793,13.536,10.406,8.39,http://skyserver.sdss.org/dr16/en/tools/explore/Summary.aspx?id=1237654606410350834
1237655126620045582,184.9818876,5.892497145,1.29433,1.76014,3.30062,1.54048,0.92044,2.58682,2.84782,5.03382,8.12382,0.4235802583,0.140477,0.9769666,NGC4261,29.4,0.5316396,Contaminant,61.63748602,-14.62087665,20.40144,18.6413,17.34697,17.72086,17.10082,14.514,14.253,12.067,8.977,http://skyserver.sdss.org/dr16/en/tools/explore/Summary.aspx?id=1237655126620045582
1237655126083174683,184.8701267,5.596913597,1.33167,1.79255,3.49922,1.70667,0.9159,2.0222,1.9642,4.2312,7.7432,0.3013733651,0.102933,1,NGC4261,29.4,0.7861168,Contaminant,282.1826809,-14.77076665,20.27942,18.48687,17.1552,17.57097,16.7802,14.758,14.816,12.549,9.037,http://skyserver.sdss.org/dr16/en/tools/explore/Summary.aspx?id=1237655126083174683
1237655126620111012,185.056359,5.970935804,1.44453,1.98013,3.74324,1.76311,0.98283,2.11771,2.17771,4.00571,6.87671,0.3941432155,0.093886,0.5688059,NGC4261,29.4,0.7341285,Contaminant,592.2479101,-16.52074665,18.78395,16.80382,15.35929,15.82099,15.04071,12.923,12.863,11.035,8.164,http://skyserver.sdss.org/dr16/en/tools/explore/Summary.aspx?id=1237655126620111012
1237655126620111035,185.091495,5.915692394,1.36468,1.95984,3.63777,1.67793,0.94563,2.25171,2.32271,3.19771,6.96771,0.3195616975,0.0862,1,NGC4261,29.4,0.8224731,Contaminant,287.4557714,-16.03872665,19.20848,17.24864,15.88396,16.30301,15.57071,13.319,13.248,12.373,8.603,http://skyserver.sdss.org/dr16/en/tools/explore/Summary.aspx?id=1237655126620111035
1237655126619979981,184.7373996,5.996840658,0.82183,1.22488,2.15673,0.93185,0.52643,1.86115,1.98615,5.56915,7.41815,0.4540864076,0.055382,0.6892656,NGC4261,29.4,0.5299141,Contaminant,789.8974118,-15.88116665,18.21188,16.987,16.16517,16.46057,16.05515,14.194,14.069,10.486,8.637,http://skyserver.sdss.org/dr16/en/tools/explore/Summary.aspx?id=1237655126619979981
1237654606947090611,184.7482317,6.051924861,1.04369,1.21384,2.53522,1.32138,0.66634,2.39647,2.49047,6.03147,8.10847,0.3955742704,0.11256,0.4543664,NGC4261,29.4,0.8407275,Contaminant,296.3427836,-14.75422665,19.46769,18.25385,17.21016,17.58751,16.93247,14.536,14.442,10.901,8.824,http://skyserver.sdss.org/dr16/en/tools/explore/Summary.aspx?id=1237654606947090611
1237661816558846007,189.1236196,12.13426644,1.04838,1.45286,2.7842,1.33134,0.68822,2.19704,2.34704,5.39804,8.28804,0.4210978665,0.082732,0.07023624,NGC4552,15.33,0.7704821,Contaminant,159.9781414,-12.89255077,20.17624,18.72338,17.675,18.03516,17.39204,15.195,15.045,11.994,9.104,http://skyserver.sdss.org/dr16/en/tools/explore/Summary.aspx?id=1237661816558846007
1237661949182476435,188.896397,12.03356472,1.0933,1.39253,2.72143,1.3289,0.71572,1.93699,2.23999,6.09399,7.92699,0.4729370129,0.096583,0.1965129,NGC4552,15.33,0.6723368,Contaminant,365.1735303,-13.74754077,19.28842,17.89589,16.80259,17.18017,16.56699,14.63,14.327,10.473,8.64,http://skyserver.sdss.org/dr16/en/tools/explore/Summary.aspx?id=1237661949182476435
1237658629695995998,188.6034568,12.3247696,1.31904,1.64407,3.30462,1.66055,0.88906,2.20577,2.48777,5.17677,7.76077,0.3835062104,0.107023,1,NGC4552,15.33,0.7581595,Contaminant,178.6520257,-13.81945077,19.64139,17.99732,16.67828,17.10826,16.33677,14.131,13.849,11.16,8.576,http://skyserver.sdss.org/dr16/en/tools/explore/Summary.aspx?id=1237658629695995998
1237658629695995979,188.5550575,12.33591383,1.35047,1.77105,3.42631,1.65526,0.93295,2.32762,2.52062,4.42662,7.51662,0.3142530955,0.10079,1,NGC4552,15.33,0.8708902,Contaminant,93.10977985,-13.67578077,19.95593,18.18488,16.83441,17.25193,16.52962,14.202,14.009,12.103,9.013,http://skyserver.sdss.org/dr16/en/tools/explore/Summary.aspx?id=1237658629695995979
1237658629695930448,188.4089691,12.33893163,1.21876,1.72605,3.22638,1.50033,0.81725,2.26736,2.50436,5.38936,7.96436,0.4220543302,0.068057,0.4886338,NGC4552,15.33,0.5193279,Contaminant,263.9225724,-13.49927077,19.97174,18.24569,17.02693,17.42844,16.74536,14.478,14.241,11.356,8.781,http://skyserver.sdss.org/dr16/en/tools/explore/Summary.aspx?id=1237658629695930448
1237661949719150717,188.411494,12.46144784,1.40881,1.68761,3.44384,1.75623,0.99427,2.17368,2.33668,4.50268,7.75168,0.4255305657,0.128504,0.849083,NGC4552,15.33,0.819779,Contaminant,132.3375025,-13.52107077,20.08852,18.40091,16.9921,17.40664,16.64468,14.471,14.308,12.142,8.893,http://skyserver.sdss.org/dr16/en/tools/explore/Summary.aspx?id=1237661949719150717
1237661812813332644,188.6687878,12.54454324,1.39,1.87162,3.61548,1.74386,0.96638,2.12217,2.19517,2.82517,6.54717,0.3149561476,0.093184,1,NGC4552,15.33,0.563386,Contaminant,259.0911044,-14.77306077,18.99265,17.12103,15.73103,16.15465,15.37717,13.255,13.182,12.552,8.83,http://skyserver.sdss.org/dr16/en/tools/explore/Summary.aspx?id=1237661812813332644
1237658629696061550,188.6754515,12.303384,1.44984,1.95918,3.78392,1.82474,0.98947,2.35263,2.51263,4.01163,7.22163,0.3190330382,0.096706,1,NGC4552,15.33,0.7231996,Contaminant,135.7229315,-14.07481077,19.80155,17.84237,16.39253,16.8529,16.01763,13.665,13.505,12.006,8.796,http://skyserver.sdss.org/dr16/en/tools/explore/Summary.aspx?id=1237658629696061550
1237658629695996036,188.6712986,12.28114363,1.45473,1.86778,3.73707,1.86929,0.98858,2.63562,2.82762,5.29062,7.17362,0.3828749989,0.103253,0.3156118,NGC4552,15.33,0.4536774,Contaminant,242.3245725,-13.71238077,20.07169,18.20391,16.74918,17.21533,16.33462,13.699,13.507,11.044,9.161,http://skyserver.sdss.org/dr16/en/tools/explore/Summary.aspx?id=1237658629695996036
1237658629696127207,188.9005869,12.33261946,1.43932,1.8018,3.64343,1.84163,0.94941,2.44024,2.71624,5.83724,7.75924,0.4121181555,0.095812,0.1650458,NGC4552,15.33,0.2684907,Contaminant,346.5313507,-13.39525077,20.28367,18.48187,17.04255,17.53246,16.64024,14.2,13.924,10.803,8.881,http://skyserver.sdss.org/dr16/en/tools/explore/Summary.aspx?id=1237658629696127207
1237661949719281798,188.6880402,12.43107778,1.3293,1.85403,3.50589,1.65186,0.91675,2.15349,2.32349,4.50849,7.70949,0.3232607292,0.085915,1,NGC4552,15.33,0.831427,Contaminant,122.8251025,-13.48311077,20.21538,18.36135,17.03205,17.4446,16.70949,14.556,14.386,12.201,9,http://skyserver.sdss.org/dr16/en/tools/explore/Summary.aspx?id=1237661949719281798
1237661949719347452,188.8816529,12.39482855,1.40033,1.53917,3.29301,1.75384,0.90874,2.14901,2.42801,5.58301,7.31101,0.4197871214,0.126337,0.5661615,NGC4552,15.33,0.5636811,Contaminant,260.0510643,-13.63160077,19.74402,18.20485,16.80452,17.29611,16.45101,14.302,14.023,10.868,9.14,http://skyserver.sdss.org/dr16/en/tools/explore/Summary.aspx?id=1237661949719347452
1237658629696061575,188.7024613,12.36232221,1.04985,1.34082,2.65803,1.31721,0.6612,2.23447,2.46647,5.84547,8.00347,0.4072147292,0.090774,0.1518876,NGC4552,15.33,0.3817104,Contaminant,305.4298404,-13.46623077,19.4635,18.12268,17.07283,17.46148,16.80547,14.571,14.339,10.96,8.802,http://skyserver.sdss.org/dr16/en/tools/explore/Summary.aspx?id=1237658629696061575
1237661949719281838,188.7775169,12.37936857,1.42115,1.89207,3.70154,1.80947,1.00366,2.47128,2.62128,4.59428,7.97028,0.3963956518,0.112399,0.8868514,NGC4552,15.33,0.4421879,Contaminant,86.03311949,-13.26062077,20.56282,18.67075,17.2496,17.66709,16.86128,14.39,14.24,12.267,8.891,http://skyserver.sdss.org/dr16/en/tools/explore/Summary.aspx?id=1237661949719281838
1237661949719347544,188.8816256,12.42330266,1.09844,1.53341,2.86051,1.3271,0.73983,1.56225,1.77625,4.09525,7.31425,0.5271204769,0.060924,0,NGC4552,15.33,0.9854441,Contaminant,377.8109604,-14.15219077,19.04876,17.51535,16.41691,16.77552,16.18825,14.626,14.412,12.093,8.874,http://skyserver.sdss.org/dr16/en/tools/explore/Summary.aspx?id=1237661949719347544
1237661817095520539,188.814546,12.485856,1.35087,1.97913,3.69097,1.71184,0.8879,2.18435,2.29835,4.08135,7.02435,0.3525902372,0.072702,0.9163501,NGC4552,15.33,0.7377689,Contaminant,136.9472385,-14.18442077,19.61032,17.63119,16.28032,16.74329,15.91935,13.735,13.621,11.838,8.895,http://skyserver.sdss.org/dr16/en/tools/explore/Summary.aspx?id=1237661817095520539
1237661817095520440,188.6978354,12.57538706,0.8464,1.25253,2.19393,0.9414,0.52649,2.0576,2.3576,5.3046,8.7776,0.446922968,0.085319,0.04171069,NGC4552,15.33,0.8742153,Contaminant,221.440262,-13.20720077,19.49953,18.247,17.4006,17.72051,17.3056,15.248,14.948,12.001,8.528,http://skyserver.sdss.org/dr16/en/tools/explore/Summary.aspx?id=1237661817095520440
1237661949719347432,188.8537192,12.44110131,1.3553,1.88254,3.58392,1.70138,0.96055,2.20366,2.32366,4.54666,7.63166,0.3584689905,0.105719,1,NGC4552,15.33,0.7715605,Contaminant,112.3111496,-13.37322077,20.39758,18.51504,17.15974,17.55449,16.81366,14.61,14.49,12.267,9.182,http://skyserver.sdss.org/dr16/en/tools/explore/Summary.aspx?id=1237661949719347432
1237661817095651527,189.0900002,12.58092438,1.45756,1.96356,3.81329,1.84973,1.03234,2.03677,2.15777,3.15477,6.63877,0.3640834463,0.112552,0.8642314,NGC4552,15.33,0.7142444,Contaminant,281.8333346,-14.56255077,19.36106,17.3975,15.93994,16.36516,15.54777,13.511,13.39,12.393,8.909,http://skyserver.sdss.org/dr16/en/tools/explore/Summary.aspx?id=1237661817095651527
1237661949719478394,189.0936742,12.4549507,1.29914,1.71854,3.38395,1.66541,0.86893,1.23429,1.42229,3.60229,7.38429,0.4107344365,0.083517,0.02327599,NGC4552,15.33,0.3778893,Contaminant,355.0288774,-14.45194077,19.06324,17.3447,16.04556,16.47577,15.67929,14.445,14.257,12.077,8.295,http://skyserver.sdss.org/dr16/en/tools/explore/Summary.aspx?id=1237661949719478394
1237661949719478403,189.1094269,12.42465136,1.21062,1.81443,3.36884,1.55441,0.82729,1.94801,1.93001,3.62001,7.06901,0.3686707694,0.051747,0.9874116,NGC4552,15.33,0.6726593,Contaminant,178.7467988,-14.29858077,19.27085,17.45642,16.2458,16.62913,15.90201,13.954,13.972,12.282,8.833,http://skyserver.sdss.org/dr16/en/tools/explore/Summary.aspx?id=1237661949719478403
1237661949719478408,189.1099846,12.40292623,1.21997,2.10807,3.61127,1.5032,0.80579,2.36437,2.38737,4.68637,8.15237,0.3810798715,0.083183,0.6490679,NGC4552,15.33,0.6395943,Contaminant,123.6221233,-13.36593077,20.47564,18.36757,17.1476,17.56178,16.86437,14.5,14.477,12.178,8.712,http://skyserver.sdss.org/dr16/en/tools/explore/Summary.aspx?id=1237661949719478408
1237661949719412884,189.0590151,12.43961773,1.15457,1.8382,3.28024,1.44204,0.79271,1.79013,1.95513,4.34013,7.68413,0.346139039,0.060967,1,NGC4552,15.33,0.940725,Contaminant,154.4318441,-13.61825077,19.94037,18.10217,16.9476,17.30946,16.66013,14.87,14.705,12.32,8.976,http://skyserver.sdss.org/dr16/en/tools/explore/Summary.aspx?id=1237661949719412884
1237661949719478548,189.1453043,12.46697208,1.23565,1.29845,2.84662,1.54817,0.80299,2.42327,2.63627,5.74727,8.20927,0.4426928572,0.151178,0,NGC4552,15.33,0.3852768,Contaminant,218.3443996,-13.09526077,19.93389,18.63544,17.39979,17.83245,17.08727,14.664,14.451,11.34,8.878,http://skyserver.sdss.org/dr16/en/tools/explore/Summary.aspx?id=1237661949719478548
1237661949719478450,189.1351496,12.39523269,1.17075,1.73845,3.19397,1.45552,0.78713,1.81423,1.94723,4.38823,7.73523,0.3719968549,0.0599,0.7335873,NGC4552,15.33,0.3549732,Contaminant,219.744342,-13.66709077,19.7862,18.04775,16.877,17.26062,16.59223,14.778,14.645,12.204,8.857,http://skyserver.sdss.org/dr16/en/tools/explore/Summary.aspx?id=1237661949719478450
1237658629696258321,189.1564508,12.30517043,0.97309,1.30101,2.49536,1.19435,0.64098,1.91329,2.15929,4.97929,8.16529,0.5255125993,0.084296,0,NGC4552,15.33,0.8985422,Contaminant,229.4475024,-13.32505077,19.54465,18.24364,17.27055,17.60266,17.04929,15.136,14.89,12.07,8.884,http://skyserver.sdss.org/dr16/en/tools/explore/Summary.aspx?id=1237658629696258321
1237661817095651547,189.1211047,12.6063627,1.2713,1.88502,3.49656,1.61154,0.86001,1.83681,1.84881,3.03181,6.01681,0.3709492861,0.048365,0.914405,NGC4552,15.33,0.8707631,Contaminant,266.9671888,-15.09837077,18.57437,16.68935,15.41805,15.82934,15.07781,13.241,13.229,12.046,9.061,http://skyserver.sdss.org/dr16/en/tools/explore/Summary.aspx?id=1237661817095651547
1237661950256283838,189.0313536,12.81337638,1.51543,1.66174,3.52738,1.86564,1.11509,2.40094,2.72394,4.36894,7.74694,0.3212496431,0.161794,1,NGC4552,15.33,0.8426197,Contaminant,86.05335783,-13.17322077,20.53132,18.86958,17.35415,17.75449,17.00394,14.603,14.28,12.635,9.257,http://skyserver.sdss.org/dr16/en/tools/explore/Summary.aspx?id=1237661950256283838
1237661817095651504,189.068404,12.674645,1.06422,1.32148,2.68146,1.35998,0.6944,1.91221,2.16321,5.19221,7.95221,0.4140426616,0.099904,0.3482318,NGC4552,15.33,0.6740857,Contaminant,313.9170206,-13.34092077,19.60267,18.28119,17.21697,17.58679,16.92121,15.009,14.758,11.729,8.969,http://skyserver.sdss.org/dr16/en/tools/explore/Summary.aspx?id=1237661817095651504
1237661950256152680,188.7762287,12.78723878,1.15927,1.56152,2.98538,1.42386,0.77259,2.19033,2.35533,5.63533,7.57133,0.3496585102,0.071096,0.8135451,NGC4552,15.33,0.9189332,Contaminant,222.0825041,-14.89211077,18.36971,16.80819,15.64892,16.0356,15.38433,13.194,13.029,9.749,7.813,http://skyserver.sdss.org/dr16/en/tools/explore/Summary.aspx?id=1237661950256152680
1237661950256218186,188.8066478,12.84241014,1.30812,1.73069,3.36325,1.63256,0.8597,2.50199,2.63299,5.51299,7.69399,0.3882685489,0.077037,0.3551218,NGC4552,15.33,0.2957893,Contaminant,339.289155,-14.08586077,19.43224,17.70155,16.39343,16.84185,16.06899,13.567,13.436,10.556,8.375,http://skyserver.sdss.org/dr16/en/tools/explore/Summary.aspx?id=1237661950256218186
1237661817095520470,188.7336302,12.64022198,1.18047,1.49554,3.01285,1.51731,0.77856,2.10743,2.31543,5.17543,7.27543,0.4666094608,0.087963,0.3431166,NGC4552,15.33,0.8101599,Contaminant,269.3462213,-14.04953077,19.15228,17.65674,16.47627,16.87818,16.13943,14.032,13.824,10.964,8.864,http://skyserver.sdss.org/dr16/en/tools/explore/Summary.aspx?id=1237661817095520470
1237661950256152805,188.778133,12.79695182,1.1438,1.66661,3.01336,1.34675,0.76602,2.47206,2.71506,5.96906,7.92706,0.4450902552,0.084073,0,NGC4552,15.33,0.2776749,Contaminant,297.8705819,-13.27792077,20.08242,18.41581,17.27201,17.64979,17.06906,14.597,14.354,11.1,9.142,http://skyserver.sdss.org/dr16/en/tools/explore/Summary.aspx?id=1237661950256152805
1237661950256283747,188.9442184,12.83528845,0.92706,1.09927,2.21972,1.12045,0.52533,2.33005,2.64205,5.64305,8.09405,0.3607460514,0.08813,0.9320402,NGC4552,15.33,0.999069,Contaminant,113.59447,-13.30854077,19.24377,18.1445,17.21744,17.61917,17.02405,14.694,14.382,11.381,8.93,http://skyserver.sdss.org/dr16/en/tools/explore/Summary.aspx?id=1237661950256283747
1237658630232801407,188.4657916,12.61768699,1.43547,2.05489,3.82153,1.76664,0.99871,2.16232,2.22932,2.67932,5.21532,0.3071359482,0.08513,1,NGC4552,15.33,0.9173223,Contaminant,366.6660886,-16.09146077,17.88985,15.83496,14.39949,14.83625,14.06832,11.906,11.839,11.389,8.853,http://skyserver.sdss.org/dr16/en/tools/explore/Summary.aspx?id=1237658630232801407
1237658630232801408,188.4578095,12.62242111,1.42715,2.06802,3.83353,1.76551,0.99774,2.27469,2.32569,2.81169,6.16069,0.287483373,0.095653,1,NGC4552,15.33,0.733628,Contaminant,213.0219083,-14.97925077,19.01422,16.9462,15.51905,15.94846,15.18069,12.906,12.855,12.369,9.02,http://skyserver.sdss.org/dr16/en/tools/explore/Summary.aspx?id=1237658630232801408
1237658630232801470,188.4865785,12.62575294,1.42882,2.04363,3.84447,1.80084,1.00097,2.25607,2.41007,3.40507,6.92907,0.3388222,0.101433,0.8659014,NGC4552,15.33,0.3831441,Contaminant,206.1814498,-14.19177077,19.78054,17.73691,16.30809,16.73594,15.93607,13.68,13.526,12.531,9.007,http://skyserver.sdss.org/dr16/en/tools/explore/Summary.aspx?id=1237658630232801470
1237661950256021682,188.4346397,12.76169956,1.37192,1.95098,3.66645,1.71547,0.96447,2.35891,2.37791,4.49991,7.51491,0.341065636,0.103969,1,NGC4552,15.33,0.6031314,Contaminant,100.7925872,-13.55180077,20.29136,18.34038,16.96846,17.37591,16.62491,14.266,14.247,12.125,9.11,http://skyserver.sdss.org/dr16/en/tools/explore/Summary.aspx?id=1237661950256021682
1237661950256021692,188.4398208,12.74695607,1.32839,1.90661,3.56308,1.65647,0.92518,2.33179,2.37079,4.22979,7.69679,0.3623754829,0.094641,1,NGC4552,15.33,0.9378591,Contaminant,60.94764524,-13.27063077,20.48887,18.58226,17.25387,17.65708,16.92579,14.594,14.555,12.696,9.229,http://skyserver.sdss.org/dr16/en/tools/explore/Summary.aspx?id=1237661950256021692
1237658630232801385,188.4273501,12.61512571,1.38053,2.08521,3.7645,1.67929,0.96465,2.34996,2.41696,4.15196,7.88096,0.4089686382,0.101573,0.965025,NGC4552,15.33,0.712299,Contaminant,94.0704838,-13.32011077,20.65746,18.57225,17.19172,17.6076,16.89296,14.543,14.476,12.741,9.012,http://skyserver.sdss.org/dr16/en/tools/explore/Summary.aspx?id=1237658630232801385
1237661950256087253,188.5581201,12.74453798,1.04702,1.22137,2.52353,1.30216,0.71372,1.95859,2.43459,5.09359,8.57659,0.4995375075,0.129059,0,NGC4552,15.33,0.8128983,Contaminant,185.5774925,-13.16068077,19.70212,18.48075,17.43373,17.76703,17.17859,15.22,14.744,12.085,8.602,http://skyserver.sdss.org/dr16/en/tools/explore/Summary.aspx?id=1237661950256087253
1237658630232801563,188.5081223,12.59664796,0.77729,1.45984,2.385,0.92516,0.48032,1.89941,2.19241,5.85141,8.49641,0.4857361273,0.069916,0,NGC4552,15.33,0.5330006,Contaminant,281.9419786,-13.26046077,19.60741,18.14757,17.37028,17.66725,17.22241,15.323,15.03,11.371,8.726,http://skyserver.sdss.org/dr16/en/tools/explore/Summary.aspx?id=1237658630232801563
1237661817632587944,189.2152163,12.92899574,1.18073,1.35569,2.85245,1.49676,0.76785,2.42523,2.65723,5.95123,8.06723,0.4636293517,0.104728,0.4445312,NGC4552,15.33,0.6707802,Contaminant,261.5999847,-14.15157077,18.89968,17.54399,16.36326,16.77614,16.04723,13.622,13.39,10.096,7.98,http://skyserver.sdss.org/dr16/en/tools/explore/Summary.aspx?id=1237661817632587944
1237661950256349379,189.2461714,12.87347194,1.43894,1.91059,3.71042,1.79983,0.98374,2.21252,2.38452,4.11052,7.34152,0.3162037444,0.094202,1,NGC4552,15.33,0.5859225,Contaminant,187.1496244,-14.19810077,19.62394,17.71335,16.27441,16.72961,15.91352,13.701,13.529,11.803,8.572,http://skyserver.sdss.org/dr16/en/tools/explore/Summary.aspx?id=1237661950256349379
1237661817632587976,189.270197,12.93998241,1.12822,1.57722,2.97247,1.39525,0.73861,1.97107,2.19807,5.26407,6.94307,0.4943242797,0.066393,0.1586647,NGC4552,15.33,0.9652021,Contaminant,379.301085,-14.59000077,18.65354,17.07632,15.9481,16.33771,15.68107,13.71,13.483,10.417,8.738,http://skyserver.sdss.org/dr16/en/tools/explore/Summary.aspx?id=1237661817632587976
1237661817632522426,189.0994041,12.92509318,1.49777,2.11679,3.95692,1.84013,1.04014,2.03969,2.09869,3.63069,6.03969,0.356314552,0.099879,1,NGC4552,15.33,0.7245595,Contaminant,413.900727,-15.32703077,18.75761,16.64082,15.14305,15.60068,14.80069,12.761,12.702,11.17,8.761,http://skyserver.sdss.org/dr16/en/tools/explore/Summary.aspx?id=1237661817632522426
1237661817632522471,189.1302719,12.99536203,1.48347,2.10726,3.98324,1.87598,1.03133,2.24016,2.33116,3.34716,6.59616,0.3251756589,0.100409,0.8749839,NGC4552,15.33,0.7724473,Contaminant,238.4722278,-14.91490077,19.1514,17.04414,15.56067,16.01281,15.16816,12.928,12.837,11.821,8.572,http://skyserver.sdss.org/dr16/en/tools/explore/Summary.aspx?id=1237661817632522471
1237661817632522459,189.1060269,12.9788797,1.44675,1.63149,3.43488,1.80339,0.9514,2.03371,2.29871,5.30671,7.53171,0.3870176699,0.105553,0.7113029,NGC4552,15.33,0.5133992,Contaminant,491.037969,-15.04701077,18.46359,16.8321,15.38535,15.8807,15.02871,12.995,12.73,9.722,7.497,http://skyserver.sdss.org/dr16/en/tools/explore/Summary.aspx?id=1237661817632522459
1237661817632522372,189.0035136,12.93608589,1.30518,1.86438,3.48597,1.62159,0.90783,2.07903,2.16403,2.78903,6.56303,0.3248100876,0.075682,1,NGC4552,15.33,0.999702,Contaminant,208.6402585,-15.00092077,18.699,16.83462,15.52944,15.92679,15.21303,13.134,13.049,12.424,8.65,http://skyserver.sdss.org/dr16/en/tools/explore/Summary.aspx?id=1237661817632522372
1237661817632522448,189.0917807,12.91210788,1.40136,1.7876,3.51718,1.72958,0.96285,2.31633,2.46433,4.49333,7.18233,0.3523298585,0.112212,0.9475056,NGC4552,15.33,0.6896207,Contaminant,162.6712749,-14.18865077,19.48951,17.70191,16.30055,16.73906,15.97233,13.656,13.508,11.479,8.79,http://skyserver.sdss.org/dr16/en/tools/explore/Summary.aspx?id=1237661817632522448
1237661817632522387,189.0204192,12.92477714,1.38095,2.05924,3.79232,1.73308,0.96256,1.97967,2.10367,3.26467,6.89567,0.3341515216,0.092358,1,NGC4552,15.33,0.9173093,Contaminant,209.317703,-14.16152077,19.78799,17.72875,16.3478,16.76619,15.99567,14.016,13.892,12.731,9.1,http://skyserver.sdss.org/dr16/en/tools/explore/Summary.aspx?id=1237661817632522387
1237661817632522418,189.0686928,12.92000885,1.4689,1.76638,3.60201,1.83563,0.94667,2.39221,2.52321,5.64421,7.44521,0.360536387,0.117003,0.5386117,NGC4552,15.33,0.230541,Contaminant,393.3996217,-13.46754077,20.17322,18.40684,16.93794,17.46017,16.57121,14.179,14.048,10.927,9.126,http://skyserver.sdss.org/dr16/en/tools/explore/Summary.aspx?id=1237661817632522418
1237661817632522442,189.0930348,13.05265905,1.33719,1.78547,3.4449,1.65943,0.93116,2.2027,2.3157,4.0987,7.6627,0.3250611826,0.101418,1,NGC4552,15.33,0.8765014,Contaminant,121.382811,-13.77174077,19.8726,18.08713,16.74994,17.15597,16.4277,14.225,14.112,12.329,8.765,http://skyserver.sdss.org/dr16/en/tools/explore/Summary.aspx?id=1237661817632522442
1237661817632587899,189.1436808,12.92403505,1.13824,1.28253,2.73422,1.45169,0.74069,1.86652,2.07252,5.20652,8.36752,0.3880945754,0.12811,1,NGC4552,15.33,0.4080253,Contaminant,396.7341432,-13.35619077,19.59474,18.31221,17.17397,17.57152,16.86052,14.994,14.788,11.654,8.493,http://skyserver.sdss.org/dr16/en/tools/explore/Summary.aspx?id=1237661817632587899
1237661817095782611,189.4155238,12.50569348,0.94444,1.31187,2.49872,1.18685,0.61434,2.01979,2.19479,5.50379,7.77379,0.4708851573,0.061486,0,NGC4552,15.33,0.868432,Contaminant,203.576036,-14.17241077,18.68151,17.36964,16.4252,16.7553,16.18279,14.163,13.988,10.679,8.409,http://skyserver.sdss.org/dr16/en/tools/explore/Summary.aspx?id=1237661817095782611
1237661950256480341,189.4040732,12.71289525,1.39674,1.94433,3.72108,1.77675,0.90528,2.04914,2.30914,5.68414,8.22214,0.3824488052,0.067974,0.04301513,NGC4552,15.33,0.1630063,Contaminant,565.9213699,-14.40310077,19.37422,17.42989,16.03315,16.52461,15.65314,13.604,13.344,9.969,7.431,http://skyserver.sdss.org/dr16/en/tools/explore/Summary.aspx?id=1237661950256480341
1237651753493791048,226.4932306,1.526035039,1.39538,1.65128,3.38849,1.73721,0.95893,2.48938,2.70938,4.89238,7.21738,0.3274160418,0.126246,1,NGC5846,28.5,0.7750919,Contaminant,249.8205968,-14.7315643,20.15287,18.50159,17.10621,17.54266,16.76438,14.275,14.055,11.872,9.547,http://skyserver.sdss.org/dr16/en/tools/explore/Summary.aspx?id=1237651753493791048
1237655468598165846,226.7328402,1.598451017,1.2724,1.9526,3.56079,1.60819,0.82372,2.56619,2.81119,5.86519,7.76319,0.3898594479,0.094619,0.3941983,NGC5846,28.5,0.3503478,Contaminant,564.3131125,-14.5205643,20.52998,18.57738,17.30498,17.75366,16.96919,14.403,14.158,11.104,9.206,http://skyserver.sdss.org/dr16/en/tools/explore/Summary.aspx?id=1237655468598165846
1237655468598034864,226.4799403,1.528609131,1.06613,1.19961,2.52478,1.32517,0.71873,2.11224,2.49024,5.80224,8.18024,0.4441863301,0.137942,0.1802396,NGC5846,28.5,0.8586017,Contaminant,493.7765352,-14.6955443,19.49702,18.29741,17.23128,17.57868,16.97224,14.86,14.482,11.17,8.792,http://skyserver.sdss.org/dr16/en/tools/explore/Summary.aspx?id=1237655468598034864
1237651736314183912,226.5072175,1.835041506,1.36786,1.92655,3.63045,1.7039,0.96116,2.12536,2.24536,3.60636,7.62836,0.3225017895,0.097914,1,NGC5846,28.5,0.7661886,Contaminant,307.5922022,-15.0061243,20.15581,18.22926,16.8614,17.2681,16.52536,14.4,14.28,12.919,8.897,http://skyserver.sdss.org/dr16/en/tools/explore/Summary.aspx?id=1237651736314183912
1237651736314249420,226.5892736,1.754690381,1.38171,1.86973,3.56527,1.69554,0.97284,2.35187,2.41887,3.61887,7.31387,0.3300319725,0.122441,1,NGC5846,28.5,0.8246471,Contaminant,205.189968,-14.9046543,20.21214,18.34241,16.9607,17.36957,16.64687,14.295,14.228,13.028,9.333,http://skyserver.sdss.org/dr16/en/tools/explore/Summary.aspx?id=1237651736314249420
1237651736314249559,226.5906062,1.746531938,0.77867,1.15391,2.10457,0.95066,0.48906,1.42507,1.46807,4.86807,7.78807,0.4793287097,0.049432,0.1265699,NGC5846,28.5,0.8882604,Contaminant,764.1222521,-15.1905543,18.72664,17.57273,16.79406,17.08367,16.62207,15.197,15.154,11.754,8.834,http://skyserver.sdss.org/dr16/en/tools/explore/Summary.aspx?id=1237651736314249559
1237651735777378596,226.7075336,1.326365342,1.46645,1.56649,3.39748,1.83099,1.0076,1.9377,2.2857,4.9317,7.0727,0.4093785827,0.138552,0.7998372,NGC5846,28.5,0.9028938,Contaminant,669.5846334,-15.5611343,19.28718,17.72069,16.25424,16.71309,15.8897,13.952,13.604,10.958,8.817,http://skyserver.sdss.org/dr16/en/tools/explore/Summary.aspx?id=1237651735777378596
1237655468598165865,226.7557832,1.601293851,1.50646,1.96473,3.82042,1.85569,1.06327,2.40722,2.57022,4.07222,6.79422,0.3299717718,0.12511,1,NGC5846,28.5,0.9353182,Contaminant,288.3364282,-15.5775843,19.72464,17.75991,16.25345,16.69664,15.90422,13.497,13.334,11.832,9.11,http://skyserver.sdss.org/dr16/en/tools/explore/Summary.aspx?id=1237655468598165865
1237655468598231372,226.8518719,1.448255191,0.88798,1.24944,2.29314,1.0437,0.56288,2.1015,2.3625,5.7805,8.5135,0.4865865878,0.09487,0.04600498,NGC5846,28.5,0.6591812,Contaminant,391.4417,-14.3519043,19.73464,18.4852,17.59722,17.92232,17.4415,15.34,15.079,11.661,8.928,http://skyserver.sdss.org/dr16/en/tools/explore/Summary.aspx?id=1237655468598231372
1237658629695799458,188.0784767,12.23655356,1.43568,1.91852,3.72851,1.80999,0.97989,1.93539,2.03239,3.60239,5.95139,0.2971626174,0.086959,0.9597161,NGC4486,16.4,0.6799315,Contaminant,459.3985312,-15.64772924,18.3249,16.40638,14.9707,15.42649,14.59639,12.661,12.564,10.994,8.645,http://skyserver.sdss.org/dr16/en/tools/explore/Summary.aspx?id=1237658629695799458
1237661949182148861,188.0758577,12.03384909,1.31643,1.92281,3.55671,1.6339,0.92926,2.29674,2.44774,4.28674,7.43474,0.382736444,0.08906,1,NGC4486,16.4,0.8396593,Contaminant,93.46661096,-13.65883924,20.26745,18.34464,17.02821,17.41538,16.71074,14.414,14.263,12.424,9.276,http://skyserver.sdss.org/dr16/en/tools/explore/Summary.aspx?id=1237661949182148861
1237658629695799488,188.1168778,12.19695795,1.1338,1.48561,2.85881,1.3732,0.72768,2.42207,2.66907,6.02207,8.09907,0.4623939548,0.096933,0,NGC4486,16.4,0.5831137,Contaminant,174.0383803,-13.51362924,19.77388,18.28827,17.15447,17.56059,16.91507,14.493,14.246,10.893,8.816,http://skyserver.sdss.org/dr16/en/tools/explore/Summary.aspx?id=1237658629695799488
1237661949182017738,187.855335,11.98211058,1.3506,1.61185,3.31269,1.70084,0.87176,2.15886,2.33886,5.51786,6.83286,0.3523014578,0.094899,0.4945678,NGC4486,16.4,0.3836343,Contaminant,304.1039037,-14.23027924,19.32755,17.7157,16.3651,16.84394,16.01486,13.856,13.676,10.497,9.182,http://skyserver.sdss.org/dr16/en/tools/explore/Summary.aspx?id=1237661949182017738
1237661949182017688,187.7783617,11.96286537,1.28972,1.89226,3.49191,1.59965,0.87219,2.21364,2.20764,3.17464,6.60164,0.357246893,0.067736,0.9427843,NGC4486,16.4,0.338379,Contaminant,141.334173,-14.41611924,19.42255,17.53029,16.24057,16.6581,15.93064,13.717,13.723,12.756,9.329,http://skyserver.sdss.org/dr16/en/tools/explore/Summary.aspx?id=1237661949182017688
1237658629695668359,187.7610407,12.18157326,1.3501,1.86381,3.54272,1.67891,0.94872,2.1811,2.3471,4.1891,6.8281,0.4328329746,0.097742,0.8734547,NGC4486,16.4,0.7565441,Contaminant,208.4085295,-14.15592924,19.73082,17.86701,16.51691,16.91829,16.1881,14.007,13.841,11.999,9.36,http://skyserver.sdss.org/dr16/en/tools/explore/Summary.aspx?id=1237658629695668359
1237661812276068440,187.8180705,12.11139631,1.3316,1.82965,3.49821,1.66856,0.89667,2.15972,2.35872,4.30272,7.21572,0.4694029461,0.075321,0.3086604,NGC4486,16.4,0.5645285,Contaminant,307.6994153,-14.06760924,19.73293,17.90328,16.57168,17.00661,16.23472,14.075,13.876,11.932,9.019,http://skyserver.sdss.org/dr16/en/tools/explore/Summary.aspx?id=1237661812276068440
1237661949182017767,187.7446692,12.0411948,1.46797,1.67936,3.4734,1.79404,1.02299,1.4433,1.9113,4.4543,7.0743,0.5049800796,0.145331,0.4414569,NGC4486,16.4,0.7629058,Contaminant,523.2625641,-14.54486924,19.2317,17.55234,16.08437,16.52935,15.7583,14.315,13.847,11.304,8.684,http://skyserver.sdss.org/dr16/en/tools/explore/Summary.aspx?id=1237661949182017767
1237658629695733981,188.0121144,12.37334289,1.2405,1.77287,3.33101,1.55814,0.84861,2.13727,2.11327,3.30627,6.61927,0.3907897648,0.067113,0.8568391,NGC4486,16.4,0.5588235,Contaminant,140.7037187,-14.38641924,19.30928,17.53641,16.29591,16.6878,15.97827,13.841,13.865,12.672,9.359,http://skyserver.sdss.org/dr16/en/tools/explore/Summary.aspx?id=1237658629695733981
1237661949718954140,187.9698325,12.47360489,0.82856,1.22218,2.19608,0.9739,0.51499,2.14753,2.50153,5.99953,8.14953,0.4719257234,0.081765,0,NGC4486,16.4,0.5892366,Contaminant,188.0102568,-13.48377924,19.32761,18.10543,17.27687,17.59044,17.13153,14.984,14.63,11.132,8.982,http://skyserver.sdss.org/dr16/en/tools/explore/Summary.aspx?id=1237661949718954140
1237658629695668605,187.8570888,12.32132545,0.89002,1.1004,2.10121,1.00081,0.58307,2.05247,2.22547,5.66047,8.16347,0.5223686222,0.116336,0,NGC4486,16.4,0.8203509,Contaminant,241.0808228,-13.41600924,19.34168,18.24128,17.35126,17.65821,17.24047,15.188,15.015,11.58,9.077,http://skyserver.sdss.org/dr16/en/tools/explore/Summary.aspx?id=1237658629695668605
1237658629695799453,188.076772,12.33128897,1.25662,1.55523,3.11718,1.56195,0.80314,2.22498,2.43198,5.86598,7.67598,0.3961579033,0.071822,0.4247589,NGC4486,16.4,0.4118704,Contaminant,459.8498144,-14.94742924,18.48516,16.92993,15.67331,16.12679,15.36798,13.143,12.936,9.502,7.692,http://skyserver.sdss.org/dr16/en/tools/explore/Summary.aspx?id=1237658629695799453
1237661949719019675,188.1272194,12.47913403,1.37407,1.96154,3.67778,1.71624,0.96337,2.18626,2.25526,2.68926,6.20926,0.320161356,0.090109,1,NGC4486,16.4,0.7785336,Contaminant,197.79938,-14.89308924,19.10604,17.1445,15.77043,16.18113,15.42826,13.242,13.173,12.739,9.219,http://skyserver.sdss.org/dr16/en/tools/explore/Summary.aspx?id=1237661949719019675
1237661949719019689,188.151779,12.41159698,1.1251,1.64106,3.02956,1.3885,0.80265,2.40741,2.60641,4.62941,7.48541,0.3372108024,0.101112,1,NGC4486,16.4,0.6448843,Contaminant,72.23611857,-13.82195924,19.69597,18.05491,16.92981,17.25226,16.66641,14.259,14.06,12.037,9.181,http://skyserver.sdss.org/dr16/en/tools/explore/Summary.aspx?id=1237661949719019689
1237658629695799433,188.0642928,12.30348515,1.19428,1.87094,3.33253,1.46159,0.83309,2.4837,2.5277,4.3567,7.8497,0.3725871406,0.094898,0.9224153,NGC4486,16.4,0.5605828,Contaminant,128.1077782,-13.36901924,20.40923,18.53829,17.34401,17.7052,17.0767,14.593,14.549,12.72,9.227,http://skyserver.sdss.org/dr16/en/tools/explore/Summary.aspx?id=1237658629695799433
1237658630232604872,188.0559615,12.61644244,0.9437,1.3759,2.5536,1.1777,0.60456,1.99017,2.08717,5.46317,7.59417,0.4333232249,0.073526,0,NGC4486,16.4,0.4999057,Contaminant,313.1052474,-13.86790924,19.18677,17.81087,16.86717,17.20631,16.63317,14.643,14.546,11.17,9.039,http://skyserver.sdss.org/dr16/en/tools/explore/Summary.aspx?id=1237658630232604872
1237658630232539291,187.9090772,12.66794228,1.4052,1.88173,3.64425,1.76252,0.99804,1.98002,2.11302,3.12002,6.37602,0.3247717109,0.112665,1,NGC4486,16.4,0.8790578,Contaminant,280.4306825,-14.69871924,19.25527,17.37354,15.96834,16.3755,15.61102,13.631,13.498,12.491,9.235,http://skyserver.sdss.org/dr16/en/tools/explore/Summary.aspx?id=1237658630232539291
1237661950255759454,187.7866057,12.76492426,1.4538,2.04583,3.82531,1.77948,0.98985,2.24016,2.36016,3.70016,6.78116,0.3141188367,0.097072,1,NGC4486,16.4,0.3641005,Contaminant,223.275478,-14.24042924,19.86947,17.82364,16.36984,16.83379,16.04416,13.804,13.684,12.344,9.263,http://skyserver.sdss.org/dr16/en/tools/explore/Summary.aspx?id=1237661950255759454
1237658630232539213,187.7958756,12.67405304,1.3746,1.78362,3.52147,1.73785,0.9277,1.80384,1.95784,4.01784,7.15684,0.3732926635,0.093002,0.5520275,NGC4486,16.4,0.3673817,Contaminant,448.3846667,-14.43022924,19.35531,17.57169,16.19709,16.64399,15.83384,14.03,13.876,11.816,8.677,http://skyserver.sdss.org/dr16/en/tools/explore/Summary.aspx?id=1237658630232539213
1237661950255759443,187.782401,12.74325205,1.28348,1.50211,3.07348,1.57137,0.84909,2.35407,2.64407,6.05507,8.53507,0.4073880862,0.133433,0.8474491,NGC4486,16.4,0.5447058,Contaminant,161.1118342,-13.72986924,19.69555,18.19344,16.90996,17.34435,16.62207,14.268,13.978,10.567,8.087,http://skyserver.sdss.org/dr16/en/tools/explore/Summary.aspx?id=1237661950255759443
1237661950255759457,187.790347,12.74139951,1.48124,1.81197,3.68947,1.8775,1.017,2.42674,2.62174,4.18374,7.48874,0.4051071813,0.117133,0.6569301,NGC4486,16.4,0.3361603,Contaminant,160.220978,-13.53097924,20.37221,18.56024,17.079,17.54324,16.68274,14.256,14.061,12.499,9.194,http://skyserver.sdss.org/dr16/en/tools/explore/Summary.aspx?id=1237661950255759457
1237661950255824980,187.8685292,12.80340026,1.17005,1.67325,3.1028,1.42955,0.79331,2.43371,2.60871,5.10571,8.20871,0.4239602345,0.06956,0.3155032,NGC4486,16.4,0.3567862,Contaminant,141.8125898,-13.65026924,19.89051,18.21726,17.04721,17.42395,16.78771,14.354,14.179,11.682,8.579,http://skyserver.sdss.org/dr16/en/tools/explore/Summary.aspx?id=1237661950255824980
1237658630232539320,187.8804732,12.64682679,1.06716,1.46095,2.74773,1.28678,0.7169,1.32137,1.50737,4.29637,6.57737,0.5755736304,0.061745,0,NGC4486,16.4,0.900012,Contaminant,520.7895596,-14.69396924,18.5581,17.09715,16.02999,16.38025,15.81037,14.489,14.303,11.514,9.233,http://skyserver.sdss.org/dr16/en/tools/explore/Summary.aspx?id=1237658630232539320
1237661950255825054,187.985038,12.76317115,1.3394,1.82339,3.48608,1.66269,0.93328,2.3562,2.5702,4.4592,7.7582,0.3853120957,0.104426,1,NGC4486,16.4,0.4318727,Contaminant,70.36727294,-13.27860924,20.55228,18.72889,17.38949,17.79561,17.0662,14.71,14.496,12.607,9.308,http://skyserver.sdss.org/dr16/en/tools/explore/Summary.aspx?id=1237661950255825054
1237661950255825002,187.8802606,12.8020082,1.37889,1.91692,3.59316,1.67624,0.94051,2.40674,2.48874,4.43274,8.05074,0.3753391324,0.113371,0.9758351,NGC4486,16.4,0.5432837,Contaminant,94.47858432,-13.38074924,20.5509,18.63398,17.25509,17.69347,16.95774,14.551,14.469,12.525,8.907,http://skyserver.sdss.org/dr16/en/tools/explore/Summary.aspx?id=1237661950255825002
1237658629158666649,187.5502494,11.90789247,1.24463,1.69569,3.24416,1.54847,0.83668,1.98976,2.04076,4.00076,6.98376,0.343574754,0.077623,1,NGC4486,16.4,0.7707891,Contaminant,216.6853377,-14.53366924,19.07292,17.37723,16.1326,16.54055,15.82876,13.839,13.788,11.828,8.845,http://skyserver.sdss.org/dr16/en/tools/explore/Summary.aspx?id=1237658629158666649
1237658629158731930,187.6575147,11.90259327,0.94197,1.22208,2.40953,1.18745,0.60178,2.14012,2.36212,5.85012,7.84812,0.4731681891,0.079779,0.125555,NGC4486,16.4,0.9268373,Contaminant,220.6314898,-13.90642924,18.99165,17.76957,16.8276,17.16779,16.58212,14.442,14.22,10.732,8.734,http://skyserver.sdss.org/dr16/en/tools/explore/Summary.aspx?id=1237658629158731930
1237658629158666658,187.5578962,11.93959671,1.28021,1.70219,3.30477,1.60258,0.8621,1.73082,1.84382,3.87682,7.46182,0.3114919696,0.087157,1,NGC4486,16.4,0.6437619,Contaminant,299.8313048,-13.76391924,19.87459,18.1724,16.89219,17.3103,16.56982,14.839,14.726,12.693,9.108,http://skyserver.sdss.org/dr16/en/tools/explore/Summary.aspx?id=1237658629158666658
1237661949181886711,187.4580855,12.03981341,1.3077,1.94938,3.56313,1.61375,0.88702,1.95941,1.97941,2.64541,5.49741,0.3314238889,0.056694,1,NGC4486,16.4,0.6658045,Contaminant,337.0918154,-15.68407924,18.22654,16.27716,14.96946,15.39014,14.66341,12.704,12.684,12.018,9.166,http://skyserver.sdss.org/dr16/en/tools/explore/Summary.aspx?id=1237661949181886711
1237661949181952118,187.5740861,12.0154166,1.4105,1.96028,3.72972,1.76944,0.94165,2.19759,2.30859,3.81259,7.13159,0.3786799351,0.089697,0.6900643,NGC4486,16.4,0.3436747,Contaminant,176.9136724,-13.93183924,20.04431,18.08403,16.67353,17.14238,16.31459,14.117,14.006,12.502,9.183,http://skyserver.sdss.org/dr16/en/tools/explore/Summary.aspx?id=1237661949181952118
1237661812276002889,187.6096834,12.10405059,1.32745,1.99484,3.70955,1.71471,0.92772,2.29729,2.32629,3.92029,7.61429,0.3716153075,0.095341,1,NGC4486,16.4,0.8353938,Contaminant,93.75014164,-13.61893924,20.37784,18.383,17.05555,17.45528,16.66829,14.371,14.342,12.748,9.054,http://skyserver.sdss.org/dr16/en/tools/explore/Summary.aspx?id=1237661812276002889
1237661949181952178,187.6431579,11.98817245,1.1489,1.60412,3.02267,1.41855,0.7651,2.11298,2.30998,4.63198,7.26198,0.3547561086,0.075927,0.9368579,NGC4486,16.4,0.8669591,Contaminant,124.9112769,-13.92378924,19.51965,17.91553,16.76663,17.15043,16.49698,14.384,14.187,11.865,9.235,http://skyserver.sdss.org/dr16/en/tools/explore/Summary.aspx?id=1237661949181952178
1237661949181952263,187.6667141,12.03968689,0.76306,1.27275,2.07361,0.80086,0.4714,2.10248,2.41348,5.28148,8.14948,0.5037143265,0.069453,0.107183,NGC4486,16.4,0.7996911,Contaminant,358.9533786,-13.45927924,19.35909,18.08634,17.32328,17.61494,17.28548,15.183,14.872,12.004,9.136,http://skyserver.sdss.org/dr16/en/tools/explore/Summary.aspx?id=1237661949181952263
1237661812275871834,187.3190766,12.10407602,1.41954,1.96682,3.74064,1.77382,0.99596,2.20921,2.27121,3.03521,6.20221,0.3044963427,0.100759,1,NGC4486,16.4,0.8096794,Contaminant,212.7351495,-15.23814924,18.79885,16.83203,15.41249,15.83607,15.05821,12.849,12.787,12.023,8.856,http://skyserver.sdss.org/dr16/en/tools/explore/Summary.aspx?id=1237661812275871834
1237658629695406200,187.2575665,12.27277809,1.39759,2.20161,3.93326,1.73165,0.95948,2.16314,2.27414,3.71414,6.69314,0.3227774193,0.084166,1,NGC4486,16.4,0.8772866,Contaminant,268.6663857,-14.92790924,19.3074,17.10579,15.7082,16.14631,15.37414,13.211,13.1,11.66,8.681,http://skyserver.sdss.org/dr16/en/tools/explore/Summary.aspx?id=1237658629695406200
1237661812275871820,187.3040683,12.11080689,1.41839,2.13516,3.87286,1.7377,0.96656,2.21728,2.29328,2.92828,6.54428,0.3054156551,0.082438,1,NGC4486,16.4,0.9158098,Contaminant,194.7497158,-14.92479924,19.25114,17.11598,15.69759,16.14942,15.37828,13.161,13.085,12.45,8.834,http://skyserver.sdss.org/dr16/en/tools/explore/Summary.aspx?id=1237661812275871820
1237658629695471767,187.3243061,12.23102215,1.24565,1.69545,3.23537,1.53992,0.8833,1.97399,2.04199,4.32399,8.10799,0.331745035,0.105069,1,NGC4486,16.4,0.7525561,Contaminant,161.0206967,-13.55760924,20.09536,18.39991,17.15426,17.51661,16.85999,14.886,14.818,12.536,8.752,http://skyserver.sdss.org/dr16/en/tools/explore/Summary.aspx?id=1237658629695471767
1237661812275871846,187.3278879,12.08198237,0.87592,1.49263,2.61987,1.12724,0.58563,2.2035,2.3395,5.7525,8.5575,0.4144929731,0.065063,0.1175105,NGC4486,16.4,0.3210897,Contaminant,190.2657873,-13.28210924,19.87037,18.37774,17.50182,17.79211,17.2505,15.047,14.911,11.498,8.693,http://skyserver.sdss.org/dr16/en/tools/explore/Summary.aspx?id=1237661812275871846
1237658629695471759,187.3155776,12.30926379,1.33968,1.75131,3.41672,1.66541,0.94697,2.26456,2.37656,4.49156,7.27756,0.3322669237,0.112304,1,NGC4486,16.4,0.5334476,Contaminant,120.3803986,-13.81821924,19.95428,18.20297,16.86329,17.256,16.53756,14.273,14.161,12.046,9.26,http://skyserver.sdss.org/dr16/en/tools/explore/Summary.aspx?id=1237658629695471759
1237658629695406176,187.2335056,12.3135801,1.2554,1.7014,3.23619,1.53479,0.86662,2.25014,2.38214,4.51914,7.70914,0.3655997504,0.088525,0.8280849,NGC4486,16.4,0.9284263,Contaminant,167.7361056,-13.65290924,19.98933,18.28793,17.03253,17.42131,16.75314,14.503,14.371,12.234,9.044,http://skyserver.sdss.org/dr16/en/tools/explore/Summary.aspx?id=1237658629695406176
1237658629695406197,187.2561389,12.29234134,1.358,1.8101,3.47049,1.66039,0.93727,2.15636,2.19236,4.08636,7.67136,0.3944125864,0.106981,0.9549376,NGC4486,16.4,0.7119517,Contaminant,115.7647427,-13.51073924,20.31085,18.50075,17.14275,17.56348,16.84036,14.684,14.648,12.754,9.169,http://skyserver.sdss.org/dr16/en/tools/explore/Summary.aspx?id=1237658629695406197
1237661949718757613,187.5225994,12.48510497,1.26396,1.51815,3.1097,1.59155,0.85682,2.10645,2.26545,5.01545,7.13345,0.4875117698,0.110413,0.1353622,NGC4486,16.4,0.6077337,Contaminant,383.7588909,-14.39703924,19.05215,17.534,16.27004,16.67718,15.94245,13.836,13.677,10.927,8.809,http://skyserver.sdss.org/dr16/en/tools/explore/Summary.aspx?id=1237661949718757613
1237661812812873985,187.6789206,12.53960337,1.32676,1.87093,3.51143,1.6405,0.91918,2.19748,2.29148,3.74948,7.75748,0.4122525394,0.088674,0.851883,NGC4486,16.4,0.5287772,Contaminant,189.9412183,-13.92641924,19.93791,18.06698,16.74022,17.1478,16.42648,14.229,14.135,12.677,8.669,http://skyserver.sdss.org/dr16/en/tools/explore/Summary.aspx?id=1237661812812873985
1237661812812808295,187.4427674,12.53423868,0.86083,1.25479,2.35212,1.09733,0.55383,1.93174,2.32974,5.69374,8.03374,0.5038903332,0.061177,0,NGC4486,16.4,0.785579,Contaminant,262.4082769,-13.94997924,18.93286,17.67807,16.81724,17.12424,16.58074,14.649,14.251,10.887,8.547,http://skyserver.sdss.org/dr16/en/tools/explore/Summary.aspx?id=1237661812812808295
1237661812812808363,187.5421965,12.56664211,1.11561,1.67501,3.06113,1.38612,0.76118,2.31259,2.35259,4.44359,8.08859,0.4013370186,0.05879,0.9963384,NGC4486,16.4,0.9407624,Contaminant,65.91329848,-13.54968924,19.96072,18.28571,17.1701,17.52453,16.89959,14.587,14.547,12.456,8.811,http://skyserver.sdss.org/dr16/en/tools/explore/Summary.aspx?id=1237661812812808363
1237661812812808373,187.5850647,12.58372373,0.83972,1.29258,2.30181,1.00923,0.54892,2.13836,2.37836,5.29336,8.67036,0.5165784602,0.075247,0,NGC4486,16.4,0.7789038,Contaminant,235.0059037,-13.47354924,19.44217,18.14959,17.30987,17.60067,17.14036,15.002,14.762,11.847,8.47,http://skyserver.sdss.org/dr16/en/tools/explore/Summary.aspx?id=1237661812812808373
1237661812276002884,187.6104134,12.27719001,0.90649,1.13709,2.20111,1.06402,0.57562,1.39928,1.42528,4.58828,8.42128,0.4363452666,0.103832,0.4358985,NGC4486,16.4,0.6843319,Contaminant,412.5744283,-13.93653924,18.85039,17.7133,16.80681,17.13768,16.64928,15.25,15.224,12.061,8.228,http://skyserver.sdss.org/dr16/en/tools/explore/Summary.aspx?id=1237661812276002884
1237661950255759423,187.7183018,12.74994395,1.36154,1.92939,3.57228,1.64289,0.95349,2.33029,2.34229,4.16629,7.44529,0.3676577659,0.108511,0.7359486,NGC4486,16.4,0.304852,Contaminant,139.4122463,-13.68452924,20.27257,18.34318,16.98164,17.38969,16.70029,14.37,14.358,12.534,9.255,http://skyserver.sdss.org/dr16/en/tools/explore/Summary.aspx?id=1237661950255759423
1237661812812808347,187.525381,12.69218092,1.18005,1.67241,3.20988,1.53747,0.82919,2.04377,2.18277,4.88877,8.30577,0.3653496389,0.078364,1,NGC4486,16.4,0.7353552,Contaminant,195.2928448,-13.50316924,20.07265,18.40024,17.22019,17.57105,16.86277,14.819,14.68,11.974,8.557,http://skyserver.sdss.org/dr16/en/tools/explore/Summary.aspx?id=1237661812812808347
1237661950255693986,187.6655583,12.7929538,1.02811,1.4219,2.67573,1.25383,0.66355,1.83883,2.14183,4.63383,7.83483,0.4678379539,0.093096,0,NGC4486,16.4,0.4450393,Contaminant,312.8835751,-13.35810924,19.80156,18.37966,17.35155,17.71611,17.12583,15.287,14.984,12.492,9.291,http://skyserver.sdss.org/dr16/en/tools/explore/Summary.aspx?id=1237661950255693986
1237661812812742773,187.3537785,12.69215988,1.33249,1.72948,3.41338,1.6839,0.87025,2.33405,2.73105,4.93805,6.56405,0.3444446388,0.07304,0.5516157,NGC4486,16.4,0.5531517,Contaminant,353.3575776,-15.09351924,18.58043,16.85095,15.51846,15.9807,15.16705,12.833,12.436,10.229,8.603,http://skyserver.sdss.org/dr16/en/tools/explore/Summary.aspx?id=1237661812812742773
1237658628623237227,190.8940007,11.45760777,1.32847,1.7988,3.44186,1.64306,0.92831,2.33914,2.51114,3.93614,7.23814,0.3407904343,0.095605,1,NGC4621,15.35,0.6652983,Contaminant,149.9549766,-14.0996519,19.558,17.7592,16.43073,16.83089,16.11614,13.777,13.605,12.18,8.878,http://skyserver.sdss.org/dr16/en/tools/explore/Summary.aspx?id=1237658628623237227
1237658628623237298,190.8651913,11.47731517,0.87599,1.04357,2.10224,1.05867,0.55246,2.13078,2.45778,5.82078,8.10678,0.5261980733,0.120558,0,NGC4621,15.35,0.9227101,Contaminant,183.3396673,-13.3285519,19.19802,18.15445,17.27846,17.60199,17.09578,14.965,14.638,11.275,8.989,http://skyserver.sdss.org/dr16/en/tools/explore/Summary.aspx?id=1237658628623237298
1237661949183328380,190.8180856,11.92768063,1.29468,1.98437,3.58069,1.59632,0.90341,2.31334,2.37234,3.75234,7.42934,0.4097741119,0.082801,1,NGC4621,15.35,0.8247069,Contaminant,153.6441448,-13.8742919,19.94403,17.95966,16.66498,17.05625,16.36334,14.05,13.991,12.611,8.934,http://skyserver.sdss.org/dr16/en/tools/explore/Summary.aspx?id=1237661949183328380
1237661816559567157,190.8385412,12.04002332,0.97819,1.31152,2.43518,1.12366,0.62464,1.80055,2.00655,5.42255,8.52655,0.5457453162,0.109394,0,NGC4621,15.35,0.798681,Contaminant,257.2423978,-13.2329719,19.63373,18.32221,17.34402,17.69757,17.19855,15.398,15.192,11.776,8.672,http://skyserver.sdss.org/dr16/en/tools/explore/Summary.aspx?id=1237661816559567157
1237661815485759591,190.7803465,11.21199023,0.87534,1.10909,2.22696,1.11787,0.55555,1.37516,1.42416,4.93316,6.74816,0.4015568201,0.03108,0.5216676,NGC4621,15.35,0.6595898,Contaminant,724.3581829,-16.4270619,16.16812,15.05903,14.18369,14.50348,13.94116,12.566,12.517,9.008,7.193,http://skyserver.sdss.org/dr16/en/tools/explore/Summary.aspx?id=1237661815485759591
1237661815485825138,190.8899274,11.2861667,1.27355,1.74711,3.37134,1.62423,0.81361,1.8596,1.9156,4.8486,6.3126,0.4085343065,0.057343,0.2134121,NGC4621,15.35,0.2631624,Contaminant,549.2600158,-15.0993219,18.39194,16.64483,15.37128,15.83122,15.0206,13.161,13.105,10.172,8.708,http://skyserver.sdss.org/dr16/en/tools/explore/Summary.aspx?id=1237661815485825138
1237661815485759638,190.6669336,11.22322181,1.09883,1.39848,2.79221,1.39373,0.68925,1.57204,1.53204,5.21604,7.06004,0.4625938186,0.075005,0,NGC4621,15.35,0.3456712,Contaminant,367.920493,-14.4890219,18.52925,17.13077,16.03194,16.44152,15.73704,14.165,14.205,10.521,8.677,http://skyserver.sdss.org/dr16/en/tools/explore/Summary.aspx?id=1237661815485759638
1237661815485694134,190.5533992,11.23006442,1.19156,1.40757,2.89358,1.48601,0.78704,2.12272,2.42372,5.98572,8.12972,0.5118567861,0.118067,0.06623308,NGC4621,15.35,0.647064,Contaminant,338.0382951,-13.9408519,19.1843,17.77673,16.58517,16.98969,16.29072,14.168,13.867,10.305,8.161,http://skyserver.sdss.org/dr16/en/tools/explore/Summary.aspx?id=1237661815485694134
1237661815485563063,190.2762566,11.1911131,1.10754,1.34127,2.71897,1.3777,0.66503,2.05891,2.32891,6.05691,8.48591,0.4371055717,0.085585,0,NGC4621,15.35,0.2253429,Contaminant,322.3955495,-14.0279619,18.90888,17.56761,16.46007,16.90258,16.18991,14.131,13.861,10.133,7.704,http://skyserver.sdss.org/dr16/en/tools/explore/Summary.aspx?id=1237661815485563063
1237661815485694057,190.5856917,11.3880382,1.37555,1.53099,3.20866,1.67767,0.97342,2.50276,2.81376,5.97676,8.02876,0.4190897787,0.164494,1,NGC4621,15.35,0.6374072,Contaminant,164.1445027,-13.2365319,20.19842,18.66743,17.29188,17.69401,16.98976,14.487,14.176,11.013,8.961,http://skyserver.sdss.org/dr16/en/tools/explore/Summary.aspx?id=1237661815485694057
1237658628623171804,190.6686073,11.47553137,0.98576,1.92958,3.08026,1.15068,0.62454,2.13744,2.45344,5.96644,8.35344,0.4800323199,0.070073,0,NGC4621,15.35,0.4933595,Contaminant,291.6475205,-13.9369619,19.5477,17.61812,16.63236,16.99358,16.46744,14.33,14.014,10.501,8.114,http://skyserver.sdss.org/dr16/en/tools/explore/Summary.aspx?id=1237658628623171804
1237661816022630599,190.7337763,11.62070927,1.05504,1.3573,2.64961,1.29231,0.68692,2.02617,2.28517,5.62617,8.17817,0.539058982,0.09548,0.1093311,NGC4621,15.35,0.9630511,Contaminant,307.4584227,-13.6559819,19.31878,17.96148,16.90644,17.27456,16.66917,14.643,14.384,11.043,8.491,http://skyserver.sdss.org/dr16/en/tools/explore/Summary.aspx?id=1237661816022630599
1237661815485694008,190.4891836,11.38230699,1.36409,1.74368,3.44381,1.70013,0.97247,2.17546,2.37146,3.73646,7.54646,0.3295036219,0.121501,1,NGC4621,15.35,0.9263876,Contaminant,123.3012522,-13.7334219,19.91327,18.16959,16.8055,17.19712,16.46946,14.294,14.098,12.733,8.923,http://skyserver.sdss.org/dr16/en/tools/explore/Summary.aspx?id=1237661815485694008
1237658629159714845,189.9712153,11.76692464,1.3037,1.98731,3.61551,1.6282,0.88031,2.18318,2.10818,2.96918,6.08518,0.3424207629,0.054137,1,NGC4621,15.35,0.6933644,Contaminant,167.2459848,-15.2014719,18.59669,16.60938,15.30568,15.72907,14.98118,12.798,12.873,12.012,8.896,http://skyserver.sdss.org/dr16/en/tools/explore/Summary.aspx?id=1237658629159714845
1237658629159780454,190.1013099,11.77200444,1.33143,1.82308,3.46812,1.64504,0.91971,1.93532,2.02332,3.53432,6.29732,0.3345901164,0.082785,0.9633604,NGC4621,15.35,0.5081739,Contaminant,319.402771,-14.8938919,18.77944,16.95636,15.62493,16.03665,15.31132,13.376,13.288,11.777,9.014,http://skyserver.sdss.org/dr16/en/tools/explore/Summary.aspx?id=1237658629159780454
1237658629159780478,190.1804315,11.86812278,0.86034,1.25225,2.31869,1.06644,0.54062,2.17509,2.45009,5.80509,8.83609,0.438557713,0.074951,0.1179178,NGC4621,15.35,0.4129071,Contaminant,202.6237434,-13.1146319,19.60878,18.35653,17.49619,17.81591,17.29009,15.115,14.84,11.485,8.454,http://skyserver.sdss.org/dr16/en/tools/explore/Summary.aspx?id=1237658629159780478
1237661949183066318,190.2661994,11.94684417,1.26804,1.86622,3.42737,1.56115,0.86583,2.15866,2.16566,2.70166,6.57866,0.3343052205,0.06012,1,NGC4621,15.35,0.7265691,Contaminant,156.4169186,-15.0565619,18.60603,16.73981,15.47177,15.87398,15.17866,13.02,13.013,12.477,8.6,http://skyserver.sdss.org/dr16/en/tools/explore/Summary.aspx?id=1237661949183066318
1237661949183131854,190.4523378,11.93353793,1.0334,1.2861,2.55998,1.27388,0.67778,2.04073,2.27273,5.86873,7.43773,0.4223958688,0.090195,0.6097967,NGC4621,15.35,0.8782803,Contaminant,188.7850871,-14.2337119,18.66071,17.37461,16.34121,16.69683,16.10073,14.06,13.828,10.232,8.663,http://skyserver.sdss.org/dr16/en/tools/explore/Summary.aspx?id=1237661949183131854
1237661816022630620,190.7936437,11.79205766,1.04359,1.45613,2.74104,1.28491,0.68815,2.1006,2.1906,5.1016,7.8016,0.4706092174,0.089888,0.04497597,NGC4621,15.35,0.8203791,Contaminant,167.1898754,-13.3751819,19.69964,18.24351,17.19992,17.55536,16.9586,14.858,14.768,11.857,9.157,http://skyserver.sdss.org/dr16/en/tools/explore/Summary.aspx?id=1237661816022630620
1237661816559436002,190.5465859,12.02355152,1.29641,1.82653,3.43769,1.61116,0.87549,2.12674,2.16474,2.43374,6.75574,0.3332223833,0.060556,0.9614146,NGC4621,15.35,0.5602612,Contaminant,213.8666021,-15.3961319,18.23643,16.4099,15.11349,15.53441,14.79874,12.672,12.634,12.365,8.043,http://skyserver.sdss.org/dr16/en/tools/explore/Summary.aspx?id=1237661816559436002
1237661949183262829,190.6913531,12.00439387,1.37736,1.31064,3.00547,1.69483,0.95325,2.2963,2.7023,4.7203,7.6133,0.3718487122,0.179756,0.860962,NGC4621,15.35,0.6880831,Contaminant,208.3192424,-13.5106619,19.68377,18.37313,16.99577,17.41988,16.6783,14.382,13.976,11.958,9.065,http://skyserver.sdss.org/dr16/en/tools/explore/Summary.aspx?id=1237661949183262829
1237661816559435999,190.5441761,12.08938896,1.14546,1.44938,2.8563,1.40692,0.75101,2.4433,2.7863,6.0643,8.3153,0.4077853944,0.106402,0.06772789,NGC4621,15.35,0.4902917,Contaminant,154.1552521,-13.1703319,19.9606,18.51122,17.36576,17.76021,17.1043,14.661,14.318,11.04,8.789,http://skyserver.sdss.org/dr16/en/tools/explore/Summary.aspx?id=1237661816559435999
1237661949183262915,190.6467696,11.97669074,1.02816,0.97749,2.2035,1.22601,0.69931,1.98447,2.50447,6.05147,8.02247,0.5101367881,0.189573,0.02862253,NGC4621,15.35,0.7869285,Contaminant,246.8061833,-13.1793719,19.42797,18.45048,17.42232,17.75117,17.22447,15.24,14.72,11.173,9.202,http://skyserver.sdss.org/dr16/en/tools/explore/Summary.aspx?id=1237661949183262915
1237661816559370297,190.3523669,12.17581049,1.45856,2.0105,3.83293,1.82243,1.00265,1.87474,1.88874,2.61074,5.38074,0.301369699,0.082919,1,NGC4621,15.35,0.6935815,Contaminant,542.5277721,-16.4090219,17.53467,15.52417,14.06561,14.52152,13.70174,11.827,11.813,11.091,8.321,http://skyserver.sdss.org/dr16/en/tools/explore/Summary.aspx?id=1237661816559370297
1237661816559304814,190.3123201,12.15752455,1.29279,1.681,3.28848,1.60748,0.86459,1.99422,2.06722,4.75322,6.79322,0.3781489096,0.09064,0.8198843,NGC4621,15.35,0.734387,Contaminant,287.688287,-14.6284319,18.8477,17.1667,15.87391,16.30211,15.55922,13.565,13.492,10.806,8.766,http://skyserver.sdss.org/dr16/en/tools/explore/Summary.aspx?id=1237661816559304814
1237661816559370336,190.3938389,12.10062201,1.30094,1.74092,3.36404,1.62312,0.86376,2.25355,2.29855,5.00355,7.31055,0.4146716968,0.082488,0.8573019,NGC4621,15.35,0.6510942,Contaminant,165.303872,-14.1976319,19.33759,17.59667,16.29573,16.73291,15.97355,13.72,13.675,10.97,8.663,http://skyserver.sdss.org/dr16/en/tools/explore/Summary.aspx?id=1237661816559370336
1237661816559304853,190.3465517,12.16466926,1.41344,2.24411,3.9767,1.73259,0.9582,2.19651,2.38751,4.46351,7.87151,0.3962525792,0.106074,0.9638383,NGC4621,15.35,0.9362141,Contaminant,150.0510653,-13.5826419,20.55021,18.3061,16.89266,17.3479,16.57351,14.377,14.186,12.11,8.702,http://skyserver.sdss.org/dr16/en/tools/explore/Summary.aspx?id=1237661816559304853
1237661949183066280,190.1715394,11.97905055,1.29564,1.68313,3.29217,1.60904,0.8712,2.22501,2.32901,4.52601,6.90501,0.3036651261,0.095566,1,NGC4621,15.35,0.7907549,Contaminant,160.8350942,-14.3056919,19.17918,17.49605,16.20041,16.62485,15.88701,13.662,13.558,11.361,8.982,http://skyserver.sdss.org/dr16/en/tools/explore/Summary.aspx?id=1237661949183066280
1237661949183000705,190.1470514,12.01585427,1.39227,1.99345,3.73037,1.73692,0.94807,2.03504,2.11504,3.62104,6.96004,0.3915964045,0.085646,1,NGC4621,15.35,0.9706022,Contaminant,199.272977,-14.0936519,19.77841,17.78496,16.39269,16.83689,16.04804,14.013,13.933,12.427,9.088,http://skyserver.sdss.org/dr16/en/tools/explore/Summary.aspx?id=1237661949183000705
1237661949183000679,190.0702309,11.99906753,0.88098,1.2067,2.32383,1.11713,0.56927,1.84572,2.00172,5.26272,7.49872,0.4852337012,0.050969,0,NGC4621,15.35,0.6254827,Contaminant,316.2385762,-14.1459619,18.56055,17.35385,16.47287,16.78458,16.23672,14.391,14.235,10.974,8.738,http://skyserver.sdss.org/dr16/en/tools/explore/Summary.aspx?id=1237661949183000679